Date,Status,TT,AN,AP,AR,AS,BR,CH,CT,DN,DD,DL,GA,GJ,HR,HP,JK,JH,KA,KL,LA,LD,MP,MH,MN,ML,MZ,NL,OR,PY,PB,RJ,SK,TN,TG,TR,UP,UT,WB,UN
2020-03-14,Confirmed,81,0,1,0,0,0,0,0,0,0,7,0,0,14,0,2,0,6,19,0,0,0,14,0,0,0,0,0,0,1,3,0,1,1,0,12,0,0,0
2020-03-14,Deceased,2,0,0,0,0,0,0,0,0,0,1,0,0,0,0,0,0,1,0,0,0,0,0,0,0,0,0,0,0,0,0,0,0,0,0,0,0,0,0
2020-03-14,Recovered,9,0,0,0,0,0,0,0,0,0,1,0,0,0,0,0,0,0,3,0,0,0,0,0,0,0,0,0,0,0,1,0,0,0,0,4,0,0,0
2020-03-15,Confirmed,108,0,1,0,0,0,0,0,0,0,7,0,0,14,0,2,0,6,24,0,0,0,32,0,0,0,0,0,0,1,4,0,1,3,0,13,0,0,0
2020-03-15,Deceased,2,0,0,0,0,0,0,0,0,0,1,0,0,0,0,0,0,1,0,0,0,0,0,0,0,0,0,0,0,0,0,0,0,0,0,0,0,0,0
2020-03-15,Recovered,13,0,0,0,0,0,0,0,0,0,2,0,0,0,0,0,0,0,3,0,0,0,0,0,0,0,0,0,0,0,3,0,0,1,0,4,0,0,0
2020-03-16,Confirmed,123,0,1,0,0,0,0,0,0,0,7,0,0,14,0,3,0,7,27,0,0,0,38,0,0,0,0,1,1,1,4,0,1,4,0,13,1,0,0
2020-03-16,Deceased,2,0,0,0,0,0,0,0,0,0,1,0,0,0,0,0,0,1,0,0,0,0,0,0,0,0,0,0,0,0,0,0,0,0,0,0,0,0,0
2020-03-16,Recovered,14,0,0,0,0,0,0,0,0,0,2,0,0,0,0,0,0,0,3,0,0,0,0,0,0,0,0,0,0,0,3,0,1,1,0,4,0,0,0
2020-03-17,Confirmed,134,0,1,0,0,0,0,0,0,0,8,0,0,15,0,3,0,9,27,0,0,0,41,0,0,0,0,1,1,1,4,0,1,5,0,15,1,1,0
2020-03-17,Deceased,3,0,0,0,0,0,0,0,0,0,1,0,0,0,0,0,0,1,0,0,0,0,1,0,0,0,0,0,0,0,0,0,0,0,0,0,0,0,0
2020-03-17,Recovered,15,0,0,0,0,0,0,0,0,0,2,0,0,0,0,0,0,0,3,0,0,0,0,0,0,0,0,0,0,0,3,0,1,1,0,5,0,0,0
2020-03-18,Confirmed,171,0,1,0,0,0,0,0,0,0,10,0,0,16,0,4,0,14,27,8,0,0,44,0,0,0,0,2,1,2,7,0,2,13,0,17,2,1,0
2020-03-18,Deceased,3,0,0,0,0,0,0,0,0,0,1,0,0,0,0,0,0,1,0,0,0,0,1,0,0,0,0,0,0,0,0,0,0,0,0,0,0,0,0
2020-03-18,Recovered,15,0,0,0,0,0,0,0,0,0,2,0,0,0,0,0,0,0,3,0,0,0,0,0,0,0,0,0,0,0,3,0,1,1,0,5,0,0,0
2020-03-19,Confirmed,198,0,3,0,0,0,1,1,0,0,14,0,2,17,0,4,0,15,28,8,0,0,48,0,0,0,0,2,1,2,9,0,3,16,0,20,3,1,0
2020-03-19,Deceased,4,0,0,0,0,0,0,0,0,0,1,0,0,0,0,0,0,1,0,0,0,0,1,0,0,0,0,0,0,1,0,0,0,0,0,0,0,0,0
2020-03-19,Recovered,20,0,0,0,0,0,0,0,0,0,3,0,0,0,0,0,0,0,3,0,0,0,0,0,0,0,0,0,0,0,3,0,1,1,0,9,0,0,0
2020-03-20,Confirmed,256,0,3,0,0,0,5,1,0,0,20,0,7,19,2,4,0,15,40,10,0,4,52,0,0,0,0,2,1,3,17,0,3,19,0,24,3,2,0
2020-03-20,Deceased,4,0,0,0,0,0,0,0,0,0,1,0,0,0,0,0,0,1,0,0,0,0,1,0,0,0,0,0,0,1,0,0,0,0,0,0,0,0,0
2020-03-20,Recovered,23,0,0,0,0,0,0,0,0,0,5,0,0,0,0,0,0,1,3,0,0,0,0,0,0,0,0,0,0,0,3,0,1,1,0,9,0,0,0
2020-03-21,Confirmed,334,0,5,0,0,0,5,1,0,0,27,0,14,21,2,4,0,20,52,13,0,4,64,0,0,0,0,2,1,13,24,0,6,21,0,28,3,4,0
2020-03-21,Deceased,4,0,0,0,0,0,0,0,0,0,1,0,0,0,0,0,0,1,0,0,0,0,1,0,0,0,0,0,0,1,0,0,0,0,0,0,0,0,0
2020-03-21,Recovered,23,0,0,0,0,0,0,0,0,0,5,0,0,0,0,0,0,1,3,0,0,0,0,0,0,0,0,0,0,0,3,0,1,1,0,9,0,0,0
2020-03-22,Confirmed,401,0,6,0,0,2,6,1,0,0,27,0,18,21,2,4,0,26,67,13,0,6,74,0,0,0,0,2,1,21,28,0,9,27,0,30,3,7,0
2020-03-22,Deceased,7,0,0,0,0,1,0,0,0,0,1,0,1,0,0,0,0,1,0,0,0,0,2,0,0,0,0,0,0,1,0,0,0,0,0,0,0,0,0
2020-03-22,Recovered,23,0,0,0,0,0,0,0,0,0,5,0,0,0,0,0,0,1,3,0,0,0,0,0,0,0,0,0,0,0,3,0,1,1,0,9,0,0,0
2020-03-23,Confirmed,503,0,7,0,0,3,7,1,0,0,30,0,30,28,3,4,0,33,95,13,0,6,97,0,0,0,0,2,1,23,32,0,12,33,0,32,4,7,0
2020-03-23,Deceased,9,0,0,0,0,1,0,0,0,0,1,0,1,0,1,0,0,1,0,0,0,0,2,0,0,0,0,0,0,1,0,0,0,0,0,0,0,1,0
2020-03-23,Recovered,35,0,0,0,0,0,0,0,0,0,5,0,0,11,0,0,0,2,3,0,0,0,0,0,0,0,0,0,0,0,3,0,1,1,0,9,0,0,0
2020-03-24,Confirmed,567,0,8,0,0,3,7,1,0,0,30,0,34,30,3,6,0,41,109,13,0,7,107,1,0,0,0,2,1,29,32,0,18,37,0,35,4,9,0
2020-03-24,Deceased,10,0,0,0,0,1,0,0,0,0,1,0,1,0,1,0,0,1,0,0,0,0,2,0,0,0,0,0,0,1,0,0,1,0,0,0,0,1,0
2020-03-24,Recovered,40,0,0,0,0,0,0,0,0,0,6,0,0,11,0,0,0,3,4,0,0,0,0,0,0,0,0,0,0,0,3,0,1,1,0,11,0,0,0
2020-03-25,Confirmed,657,0,10,0,0,4,7,3,0,0,35,3,38,31,3,11,0,51,118,13,0,15,122,1,0,1,0,2,1,31,38,0,26,41,0,38,5,9,0
2020-03-25,Deceased,11,0,0,0,0,1,0,0,0,0,1,0,1,0,1,0,0,1,0,0,0,1,2,0,0,0,0,0,0,1,0,0,1,0,0,0,0,1,0
2020-03-25,Recovered,43,0,1,0,0,0,0,0,0,0,6,0,0,11,0,1,0,3,4,0,0,0,1,0,0,0,0,0,0,0,3,0,1,1,0,11,0,0,0
2020-03-26,Confirmed,722,1,11,0,0,7,7,6,0,0,36,3,43,32,3,14,0,55,137,13,0,20,125,1,0,1,0,3,1,33,40,0,29,44,0,42,5,10,0
2020-03-26,Deceased,16,0,0,0,0,1,0,0,0,0,1,0,3,0,1,1,0,2,0,0,0,1,3,0,0,0,0,0,0,1,0,0,1,0,0,0,0,1,0
2020-03-26,Recovered,50,0,1,0,0,0,0,0,0,0,6,0,0,11,0,1,0,3,11,0,0,0,1,0,0,0,0,0,0,0,3,0,1,1,0,11,0,0,0
2020-03-27,Confirmed,886,6,13,0,0,9,8,6,0,0,40,3,47,33,3,20,0,64,176,13,0,29,156,1,0,1,0,3,1,38,50,0,38,59,0,49,5,15,0
2020-03-27,Deceased,19,0,0,0,0,1,0,0,0,0,1,0,3,0,1,1,0,3,0,0,0,2,4,0,0,0,0,0,0,1,0,0,1,0,0,0,0,1,0
2020-03-27,Recovered,76,0,1,0,0,0,0,0,0,0,6,0,0,11,1,1,0,5,11,3,0,0,19,0,0,0,0,0,0,1,3,0,2,1,0,11,0,0,0
2020-03-28,Confirmed,1029,9,19,0,0,11,8,7,0,0,49,3,55,35,3,33,0,81,182,13,0,39,186,1,0,1,0,3,1,38,54,0,42,67,0,65,6,18,0
2020-03-28,Deceased,24,0,0,0,0,1,0,0,0,0,1,0,4,0,1,1,0,3,1,0,0,2,6,0,0,0,0,0,0,1,0,0,1,1,0,0,0,1,0
2020-03-28,Recovered,85,0,1,0,0,0,0,0,0,0,6,0,0,11,2,1,0,5,12,3,0,0,25,0,0,0,0,0,0,1,3,0,2,1,0,11,1,0,0
2020-03-29,Confirmed,1139,9,21,0,0,15,8,7,0,0,72,5,63,35,3,38,0,83,202,13,0,39,203,1,0,1,0,3,1,38,59,0,50,70,0,72,7,21,0
2020-03-29,Deceased,27,0,0,0,0,1,0,0,0,0,2,0,5,0,1,1,0,3,1,0,0,2,7,0,0,0,0,0,0,1,0,0,1,1,0,0,0,1,0
2020-03-29,Recovered,90,0,1,0,0,0,0,0,0,0,6,0,1,11,2,1,0,5,16,3,0,0,25,0,0,0,0,0,0,1,3,0,2,1,0,11,1,0,0
2020-03-30,Confirmed,1326,10,23,0,0,15,13,8,0,0,97,5,70,36,3,49,0,88,234,13,0,47,220,1,0,1,0,3,1,41,79,0,67,77,0,96,7,22,0
2020-03-30,Deceased,40,0,0,0,0,1,0,0,0,0,2,0,6,0,1,1,0,3,1,0,0,4,9,0,0,0,0,0,0,3,0,0,1,6,0,0,0,2,0
2020-03-30,Recovered,139,0,1,0,0,0,0,0,0,0,6,0,3,17,2,1,0,6,20,3,0,0,39,0,0,0,0,0,0,1,3,0,4,14,0,17,2,0,0
2020-03-31,Confirmed,1635,10,44,0,1,21,15,9,0,0,120,5,74,43,3,55,1,101,241,13,0,66,302,1,0,1,0,4,1,42,93,0,124,97,0,104,7,37,0
2020-03-31,Deceased,46,0,0,0,0,1,0,0,0,0,2,0,6,0,1,2,0,3,2,0,0,5,10,0,0,0,0,0,0,4,0,0,1,6,0,0,0,3,0
2020-03-31,Recovered,154,0,1,0,0,0,0,2,0,0,6,0,5,17,2,1,0,8,24,3,0,0,39,0,0,0,0,0,0,1,3,0,6,14,0,17,2,3,0
2020-04-01,Confirmed,2059,10,111,0,16,24,17,9,0,0,152,5,87,43,3,62,1,110,265,13,0,98,335,1,0,1,0,5,3,46,120,0,234,127,0,117,7,37,0
2020-04-01,Deceased,55,0,0,0,0,1,0,0,0,0,2,0,6,0,1,2,0,3,2,0,0,6,13,0,0,0,0,0,0,4,0,0,1,9,0,2,0,3,0
2020-04-01,Recovered,170,0,2,0,0,0,0,2,0,0,6,0,5,27,2,2,0,9,26,3,0,0,39,0,0,0,0,1,0,1,3,0,6,14,0,17,2,3,0
2020-04-02,Confirmed,2545,10,149,1,16,29,18,9,0,0,293,5,88,49,6,70,2,124,286,13,0,107,423,2,0,1,0,5,5,47,133,0,309,154,0,128,10,53,0
2020-04-02,Deceased,69,0,0,0,0,1,0,0,0,0,4,0,7,0,1,2,0,3,2,0,0,8,21,0,0,0,0,0,0,5,0,0,1,9,0,2,0,3,0
2020-04-02,Recovered,192,0,2,0,0,3,0,3,0,0,8,0,10,27,2,3,0,11,28,3,0,0,42,0,0,0,0,1,0,1,3,0,6,17,0,17,2,3,0
2020-04-03,Confirmed,3105,10,164,1,23,31,18,9,0,0,386,6,95,58,6,75,2,128,295,14,0,154,487,2,0,1,0,20,5,53,179,0,411,229,0,174,16,53,0
2020-04-03,Deceased,83,0,1,0,0,1,0,0,0,0,6,0,9,0,2,2,0,4,2,0,0,8,26,0,0,0,0,0,0,5,0,0,1,11,0,2,0,3,0
2020-04-03,Recovered,230,0,2,0,0,3,0,3,0,0,8,0,10,27,2,3,0,11,42,3,0,0,50,0,0,0,0,2,0,1,3,0,6,32,0,17,2,3,0
2020-04-04,Confirmed,3684,10,192,1,26,32,18,10,0,0,445,7,108,84,13,92,2,144,306,14,0,179,635,2,0,1,0,21,5,65,206,0,485,272,0,234,22,53,0
2020-04-04,Deceased,96,0,1,0,0,1,0,0,0,0,6,0,10,0,2,2,0,4,2,0,0,11,32,0,0,0,0,0,0,5,1,0,3,11,0,2,0,3,0
2020-04-04,Recovered,286,0,2,0,0,3,3,3,0,0,16,0,13,28,2,3,0,11,50,3,0,0,52,0,0,0,0,2,0,3,25,0,8,33,0,21,2,3,0
2020-04-05,Confirmed,4293,10,256,1,26,32,18,10,0,0,503,7,128,90,14,106,3,151,314,14,0,193,747,2,0,1,0,39,5,68,266,0,571,334,0,278,26,80,0
2020-04-05,Deceased,118,0,1,0,0,1,0,0,0,0,7,0,11,0,2,2,0,4,2,0,0,13,45,0,0,0,0,0,0,7,1,0,5,11,0,3,0,3,0
2020-04-05,Recovered,329,0,5,0,0,3,5,8,0,0,16,0,21,28,2,4,0,12,56,3,0,3,56,0,0,0,0,2,0,4,25,0,8,33,0,21,4,10,0
2020-04-06,Confirmed,4777,10,303,1,26,32,18,10,0,0,525,7,146,110,18,109,4,163,327,14,0,256,868,2,0,1,0,40,5,79,301,0,621,364,1,305,31,80,0
2020-04-06,Deceased,134,0,3,0,0,1,0,0,0,0,7,0,12,2,2,2,0,4,2,0,0,15,52,0,0,0,0,0,0,7,2,0,6,11,0,3,0,3,0
2020-04-06,Recovered,394,0,5,0,0,9,5,8,0,0,16,0,22,28,2,4,0,20,59,10,0,11,70,1,0,0,0,2,0,4,25,0,13,45,0,21,4,10,0
2020-04-07,Confirmed,5349,10,314,1,28,38,18,10,0,0,576,7,175,143,27,125,4,175,336,14,0,290,1018,2,0,1,0,42,5,99,343,0,690,404,1,332,31,91,0
2020-04-07,Deceased,161,0,4,0,0,1,0,0,0,0,9,0,14,2,2,3,0,4,2,0,0,21,64,0,0,0,0,1,0,8,2,0,7,11,0,3,0,3,0
2020-04-07,Recovered,469,0,5,0,0,15,7,9,0,0,20,0,25,30,3,4,0,25,71,10,0,21,79,1,0,0,0,2,1,14,25,0,19,45,0,21,4,13,0
2020-04-08,Confirmed,5914,11,348,1,28,39,18,10,0,0,669,7,186,167,27,158,4,181,345,14,0,341,1135,2,0,1,0,42,5,106,383,0,738,453,1,361,35,99,0
2020-04-08,Deceased,181,0,4,0,0,1,0,0,0,0,9,0,16,2,2,3,0,5,2,0,0,24,72,0,0,0,0,1,0,9,3,0,8,11,0,4,0,5,0
2020-04-08,Recovered,565,0,6,0,0,15,7,9,0,0,21,0,25,31,3,6,0,28,84,10,0,25,117,1,0,0,0,2,1,14,45,0,21,45,0,31,5,13,0
2020-04-09,Confirmed,6727,11,363,1,29,58,18,18,0,0,720,7,262,170,28,184,13,197,357,14,0,411,1364,2,0,1,0,48,5,130,463,0,834,471,1,410,35,103,0
2020-04-09,Deceased,227,0,6,0,0,1,0,0,0,0,12,0,18,2,2,4,1,6,2,0,0,33,97,0,0,0,0,1,0,10,3,0,8,12,0,4,0,5,0
2020-04-09,Recovered,635,10,10,0,0,15,7,9,0,0,25,0,26,31,3,6,0,30,97,10,0,25,125,1,0,0,0,2,1,18,60,0,27,45,0,31,5,16,0
2020-04-10,Confirmed,7598,11,381,1,29,60,19,18,0,0,903,7,378,176,28,207,14,207,364,15,0,451,1574,2,0,1,0,50,7,151,561,0,911,487,2,433,35,116,0
2020-04-10,Deceased,249,0,6,0,1,1,0,0,0,0,14,0,19,2,2,4,1,6,2,0,0,37,109,0,0,0,0,1,0,11,3,0,9,12,0,4,0,5,0
2020-04-10,Recovered,786,10,10,0,0,15,7,9,0,0,27,1,33,35,3,6,0,34,124,11,0,37,188,1,0,0,0,12,1,20,60,0,44,45,0,32,5,16,0
2020-04-11,Confirmed,8452,11,405,1,29,64,19,25,0,0,1069,7,468,179,32,224,17,215,374,15,0,529,1761,2,0,1,0,54,7,158,700,0,969,503,2,452,35,126,0
2020-04-11,Deceased,289,0,6,0,1,1,0,0,0,0,19,0,22,2,2,4,1,6,3,0,0,41,126,0,0,0,0,1,0,12,9,0,10,14,0,5,0,5,0
2020-04-11,Recovered,972,10,10,0,0,15,7,9,0,0,27,5,44,35,9,6,0,39,143,11,0,38,208,1,0,0,0,12,1,20,116,0,44,96,0,45,5,16,0
2020-04-12,Confirmed,9210,11,420,1,30,64,21,31,0,0,1154,7,516,195,32,245,19,232,376,15,0,562,1982,2,0,1,0,54,7,170,804,0,1075,531,2,483,35,134,0
2020-04-12,Deceased,331,0,7,0,1,1,0,0,0,0,24,0,24,3,2,4,2,6,3,0,0,44,148,0,0,0,0,1,0,12,11,0,11,16,0,5,0,7,0
2020-04-12,Recovered,1086,10,12,0,0,26,7,10,0,0,28,5,44,43,13,6,0,54,179,11,0,41,217,1,0,0,0,12,1,23,121,0,50,103,0,45,5,19,0
2020-04-13,Confirmed,10453,11,439,1,32,66,21,31,0,0,1510,7,572,196,32,270,24,247,379,17,0,614,2334,2,1,1,0,55,7,176,897,0,1173,592,2,558,35,152,0
2020-04-13,Deceased,358,0,7,0,1,1,0,0,0,0,28,0,26,3,2,4,2,8,3,0,0,51,159,0,0,0,0,1,0,12,11,0,11,17,0,5,0,7,0
2020-04-13,Recovered,1198,10,12,0,0,28,7,10,0,0,31,5,54,50,13,16,0,60,198,12,0,51,229,1,0,0,0,18,1,25,121,0,58,103,0,49,7,29,0
2020-04-14,Confirmed,11484,11,484,1,33,66,21,33,0,0,1561,7,650,198,33,278,27,260,387,17,0,741,2680,2,1,1,0,60,7,184,1005,0,1204,644,2,660,37,190,0
2020-04-14,Deceased,395,0,11,0,1,1,0,0,0,0,30,0,28,3,2,4,2,10,3,0,0,54,177,0,0,0,0,1,0,13,11,0,12,18,0,8,0,7,0
2020-04-14,Recovered,1365,10,16,0,0,29,7,13,0,0,31,5,59,54,14,30,0,71,211,12,0,64,259,1,0,0,0,18,1,27,147,0,81,110,0,50,9,36,0
2020-04-15,Confirmed,12370,11,525,1,33,72,21,33,0,0,1578,7,766,204,35,300,28,279,388,18,0,938,2916,2,7,1,0,60,7,186,1076,0,1242,650,2,735,37,213,0
2020-04-15,Deceased,422,0,14,0,1,1,0,0,0,0,32,0,33,3,2,4,2,12,3,0,0,54,186,0,1,0,0,1,0,13,11,0,14,18,0,11,0,7,0
2020-04-15,Recovered,1509,10,20,1,2,29,9,17,0,0,41,6,64,56,14,36,0,80,218,12,0,64,295,1,0,0,0,19,1,27,147,0,118,118,1,57,9,37,0
2020-04-16,Confirmed,13431,11,534,1,35,83,21,36,0,0,1640,7,929,215,35,314,29,315,395,18,0,1164,3201,2,9,1,0,60,7,197,1131,0,1267,700,2,805,37,231,0
2020-04-16,Deceased,448,0,14,0,1,1,0,0,0,0,38,0,36,3,2,4,2,13,3,0,0,56,193,0,1,0,0,1,0,14,11,0,15,18,0,13,0,10,0
2020-04-16,Recovered,1767,11,20,1,5,37,9,23,0,0,52,6,73,64,17,38,0,82,245,14,0,70,300,1,0,0,0,19,1,29,164,0,180,186,1,68,9,42,0
2020-04-17,Confirmed,14353,12,572,1,35,85,21,36,0,0,1707,7,1099,223,38,328,32,359,396,18,0,1310,3321,2,9,1,0,60,7,211,1229,0,1323,766,2,849,40,255,0
2020-04-17,Deceased,486,0,14,0,1,1,0,0,0,0,42,0,41,3,2,5,2,13,3,0,0,70,200,0,1,0,0,1,0,14,17,0,15,18,0,14,0,10,0
2020-04-17,Recovered,2040,11,35,1,9,37,9,24,0,0,72,6,86,85,17,42,0,88,255,14,0,70,331,1,0,0,0,21,1,30,183,0,283,186,1,82,9,51,0
2020-04-18,Confirmed,15724,14,603,1,35,86,23,36,0,0,1893,7,1376,232,39,341,33,384,400,18,0,1402,3648,2,11,1,0,61,7,234,1351,0,1372,809,2,975,42,287,0
2020-04-18,Deceased,521,0,16,0,1,2,0,0,0,0,43,0,53,3,2,5,2,14,3,0,0,70,210,0,1,0,0,1,0,16,21,0,15,18,0,14,0,12,0
2020-04-18,Recovered,2466,11,42,1,12,42,9,25,0,0,207,6,93,99,17,51,0,104,257,14,0,127,365,1,0,0,0,24,4,31,200,0,365,186,1,108,9,55,0
2020-04-19,Confirmed,17304,15,647,1,35,96,26,36,0,0,2003,7,1743,250,39,354,41,390,402,18,0,1407,4200,2,11,1,0,61,7,244,1478,0,1477,858,2,1100,44,310,0
2020-04-19,Deceased,559,0,17,0,1,2,0,0,0,0,45,0,63,3,2,5,2,16,3,0,0,73,222,0,1,0,0,1,0,16,23,0,15,21,0,17,0,12,0
2020-04-19,Recovered,2854,11,65,1,17,42,13,25,0,0,290,7,105,103,17,56,0,111,270,14,0,131,507,1,0,0,0,24,4,37,205,0,411,186,1,127,11,62,0
2020-04-20,Confirmed,18543,16,722,1,35,113,26,36,0,0,2081,7,1939,251,39,368,46,408,408,18,0,1485,4666,2,11,1,0,74,7,245,1576,0,1520,872,2,1184,46,339,0
2020-04-20,Deceased,592,0,20,0,1,2,0,0,0,0,47,0,71,3,2,5,2,16,3,0,0,77,231,0,1,0,0,1,0,16,25,0,17,23,0,18,0,12,0
2020-04-20,Recovered,3273,11,92,1,19,42,14,25,0,0,431,7,131,140,17,71,4,112,291,14,0,138,572,2,0,0,0,24,4,38,205,0,457,186,1,140,18,66,0
2020-04-21,Confirmed,20080,17,757,1,35,126,27,36,0,0,2156,7,2178,255,39,380,46,418,427,18,0,1552,5218,2,12,1,0,79,7,251,1735,0,1596,928,2,1337,46,392,0
2020-04-21,Deceased,645,0,22,0,1,2,0,0,0,0,47,0,90,3,2,5,2,17,3,0,0,81,250,0,1,0,0,1,0,16,26,0,18,23,0,21,0,15,0
2020-04-21,Recovered,3976,11,96,1,19,42,14,25,0,0,611,7,139,146,17,81,4,129,307,14,0,148,722,2,0,0,0,30,4,49,274,0,635,194,1,162,19,73,0
2020-04-22,Confirmed,21372,18,813,1,35,143,27,36,0,0,2248,7,2407,264,39,407,46,427,438,18,0,1587,5649,2,12,1,0,83,7,278,1888,0,1629,943,2,1449,46,423,0
2020-04-22,Deceased,681,0,24,0,1,2,0,0,0,0,48,0,103,3,2,5,2,17,3,0,0,81,268,0,1,0,0,1,0,16,27,0,18,24,0,21,0,15,0
2020-04-22,Recovered,4370,11,120,1,19,42,14,28,0,0,724,7,179,157,17,92,4,131,308,14,0,152,789,2,0,0,0,32,4,53,344,0,662,194,1,173,23,73,0
2020-04-23,Confirmed,23039,22,893,1,36,170,27,36,0,0,2376,7,2624,270,40,434,53,445,448,18,0,1687,6427,2,12,1,0,89,7,283,1964,0,1683,970,2,1510,47,456,0
2020-04-23,Deceased,721,0,27,0,1,2,0,0,0,0,50,0,112,3,2,5,3,17,3,0,0,84,282,0,1,0,0,1,0,17,28,0,20,25,0,24,0,15,0
2020-04-23,Recovered,5012,11,141,1,19,44,14,30,0,0,808,7,258,169,19,92,8,145,316,16,0,203,840,2,0,0,0,33,4,66,451,0,752,252,2,206,24,79,0
2020-04-24,Confirmed,24447,29,955,1,36,223,27,36,0,0,2514,7,2815,275,40,454,59,474,451,18,0,1846,6817,2,12,1,0,94,7,298,2034,0,1755,983,2,1621,48,514,0
2020-04-24,Deceased,780,0,29,0,1,2,0,0,0,0,53,0,127,3,2,5,3,18,4,0,0,93,300,0,1,0,0,1,0,17,32,0,22,25,0,25,0,18,0
2020-04-24,Recovered,5496,11,145,1,19,44,15,30,0,0,857,7,265,185,19,109,8,152,331,16,0,210,957,2,0,0,0,33,4,70,493,0,866,291,2,226,25,103,0
2020-04-25,Confirmed,26282,33,1016,1,36,251,28,37,0,0,2625,7,3071,287,40,494,67,500,458,20,0,1945,7628,2,12,1,0,100,8,308,2083,0,1821,990,2,1793,48,571,0
2020-04-25,Deceased,824,0,31,0,1,2,0,0,0,0,54,0,133,3,2,6,3,18,4,0,0,100,322,0,1,0,0,1,0,17,34,0,23,25,0,27,0,18,0
2020-04-25,Recovered,5938,11,171,1,19,45,15,32,0,0,869,7,282,190,23,112,8,158,338,16,0,281,1076,2,0,0,0,34,4,72,513,0,960,307,2,261,26,103,0
2020-04-26,Confirmed,27889,33,1097,1,36,277,36,37,0,0,2918,7,3301,296,40,523,82,503,469,20,0,2090,8068,2,12,1,0,103,8,322,2185,0,1885,1001,2,1873,51,611,0
2020-04-26,Deceased,880,0,31,0,1,2,0,0,0,0,54,0,151,3,2,6,3,19,4,0,0,104,341,0,1,0,0,1,0,18,41,0,24,25,0,30,0,20,0
2020-04-26,Recovered,6523,11,231,1,27,56,17,32,0,0,877,7,313,198,23,137,13,182,342,16,0,302,1188,2,0,0,0,35,4,84,629,0,1020,316,2,327,26,105,0
2020-04-27,Confirmed,29457,33,1177,1,36,346,45,37,0,0,3108,7,3548,301,40,546,103,512,482,20,0,2165,8590,2,12,1,0,118,8,330,2262,0,1937,1003,2,1986,51,649,0
2020-04-27,Deceased,938,0,31,0,1,2,0,0,0,0,54,0,162,3,2,7,3,20,4,0,0,111,368,0,1,0,0,1,0,19,50,0,24,25,0,31,0,20,0
2020-04-27,Recovered,7103,11,235,1,27,56,17,32,0,0,877,7,394,212,26,164,17,193,355,16,0,357,1282,2,0,0,0,37,5,98,744,0,1074,332,2,399,26,105,0
2020-04-28,Confirmed,31359,33,1259,1,38,366,56,38,0,0,3314,7,3774,308,40,565,105,523,486,22,0,2387,9318,2,12,1,0,118,8,342,2364,0,2058,1009,2,2053,54,697,0
2020-04-28,Deceased,1007,0,31,0,1,2,0,0,0,0,54,0,181,3,2,8,3,20,4,0,0,121,399,0,1,0,0,1,0,19,52,0,25,25,0,34,0,22,0
2020-04-28,Recovered,7739,15,258,1,27,64,17,34,0,0,1078,7,434,223,26,176,19,207,359,16,0,373,1388,2,0,0,0,38,5,101,770,0,1128,374,2,462,26,109,0
2020-04-29,Confirmed,33064,33,1332,1,38,403,68,38,0,0,3439,7,4082,311,40,581,107,535,496,22,0,2560,9915,2,12,1,0,125,8,375,2440,0,2162,1016,2,2134,55,725,0
2020-04-29,Deceased,1078,0,31,0,1,2,0,0,0,0,56,0,197,3,2,8,3,21,4,0,0,131,431,0,1,0,0,1,0,19,55,0,27,25,0,39,0,22,0
2020-04-29,Recovered,8429,15,287,1,29,64,17,34,0,0,1092,7,527,224,26,192,19,216,369,17,0,461,1593,2,0,0,0,39,5,101,814,0,1210,409,2,510,28,119,0
2020-04-30,Confirmed,34866,33,1403,1,43,425,74,40,0,0,3515,7,4395,339,40,614,110,565,498,22,0,2625,10498,2,12,1,0,143,8,480,2584,0,2323,1038,3,2211,57,758,0
2020-04-30,Deceased,1153,0,31,0,1,2,0,0,0,0,59,0,214,4,2,8,3,22,4,0,0,138,458,0,1,0,0,1,0,20,58,0,27,28,0,40,0,33,0
2020-04-30,Recovered,9059,16,321,1,29,84,18,36,0,0,1094,7,613,234,29,216,19,229,383,17,0,482,1773,2,0,0,0,41,5,104,893,0,1258,442,2,551,36,124,0
2020-05-01,Confirmed,37262,33,1463,1,43,466,88,43,0,0,3738,7,4721,357,40,639,113,589,498,22,0,2715,11506,2,12,1,0,154,8,585,2666,0,2526,1044,3,2328,57,795,0
2020-05-01,Deceased,1230,0,33,0,1,3,0,0,0,0,61,0,236,4,2,8,3,22,4,0,0,146,484,0,1,0,0,1,0,20,62,0,28,28,0,42,1,41,0
2020-05-01,Recovered,10021,16,403,1,33,98,18,36,0,0,1167,7,736,240,31,247,21,251,392,17,0,524,1879,2,10,0,0,55,5,108,1116,0,1312,464,2,654,37,139,0
2020-05-02,Confirmed,39826,33,1525,1,43,481,94,43,0,0,4122,7,5054,376,40,666,115,601,500,23,0,2788,12296,2,12,1,0,160,9,772,2772,0,2757,1061,5,2487,59,922,0
2020-05-02,Deceased,1322,0,33,0,1,4,0,0,0,0,64,0,262,5,2,8,3,25,4,0,0,152,520,0,1,0,0,1,0,20,68,0,29,29,0,43,1,48,0
2020-05-02,Recovered,10852,26,441,1,33,117,19,36,0,0,1256,7,896,241,34,254,22,271,400,17,0,624,2000,2,10,0,0,56,5,112,1242,0,1341,499,2,698,39,151,0
2020-05-03,Confirmed,42778,33,1583,1,43,517,97,57,0,0,4549,7,5428,442,40,701,115,614,500,42,0,2837,12974,2,12,1,0,162,9,1102,2886,0,3023,1082,17,2645,60,1198,0
2020-05-03,Deceased,1462,0,33,0,1,4,1,0,0,0,64,0,290,5,2,8,3,25,4,0,0,157,547,0,1,0,0,1,0,21,71,0,30,29,0,43,1,122,0
2020-05-03,Recovered,11763,32,488,1,33,124,19,36,0,0,1362,7,1042,244,35,287,27,293,401,17,0,798,2115,2,10,0,0,60,6,117,1356,0,1379,545,2,754,39,132,0
2020-05-04,Confirmed,46434,33,1650,1,43,528,102,58,0,0,4898,7,5804,517,41,726,115,651,500,42,0,2942,14541,2,12,1,0,169,9,1232,3061,0,3550,1085,30,2766,60,1259,0
2020-05-04,Deceased,1565,0,33,0,1,4,1,0,0,0,64,0,319,6,2,8,3,27,4,0,0,166,582,0,1,0,0,1,0,23,77,0,31,29,0,50,1,133,0
2020-05-04,Recovered,12845,32,524,1,33,127,21,36,0,0,1431,7,1195,253,35,303,27,321,462,17,0,856,2465,2,10,0,0,60,6,128,1438,0,1409,585,2,802,39,218,0
2020-05-05,Confirmed,49405,33,1717,1,45,535,119,59,1,0,5104,7,6245,548,42,741,125,673,503,42,0,3049,15525,2,12,1,0,177,9,1451,3158,0,4058,1096,43,2880,61,1344,0
2020-05-05,Deceased,1693,0,34,0,1,4,1,0,0,0,64,0,368,6,3,8,3,29,4,0,0,177,616,0,1,0,0,2,0,25,89,0,33,29,0,56,1,140,0
2020-05-05,Recovered,14140,32,589,1,33,158,21,36,0,0,1468,7,1381,255,35,320,33,331,462,17,0,1000,2819,2,10,1,0,60,6,133,1525,0,1485,628,2,987,39,264,0
2020-05-06,Confirmed,53007,33,1777,1,46,542,124,59,1,0,5532,7,6625,594,43,775,127,693,503,42,0,3138,16758,2,12,1,0,205,9,1526,3317,0,4829,1107,65,2998,61,1456,0
2020-05-06,Deceased,1784,0,36,0,1,4,1,0,0,0,65,0,396,7,3,8,3,29,4,0,0,186,650,0,1,0,0,2,0,27,93,0,35,29,0,60,1,144,0
2020-05-06,Recovered,15301,32,729,1,35,158,21,36,0,0,1542,7,1500,259,35,322,37,354,469,17,0,1099,3094,2,10,1,0,61,6,135,1739,0,1516,648,2,1130,39,265,0
2020-05-07,Confirmed,56351,33,1833,1,54,550,135,59,1,0,5980,7,7013,625,46,793,132,705,503,42,0,3252,17974,2,12,1,0,219,9,1644,3427,0,5409,1122,89,3071,61,1548,0
2020-05-07,Deceased,1888,0,38,0,1,5,1,0,0,0,66,0,425,7,3,9,3,30,4,0,0,194,693,0,1,0,0,2,0,28,99,0,37,29,0,62,1,151,0
2020-05-07,Recovered,16776,33,780,1,35,218,21,36,0,0,1931,7,1709,259,35,335,41,366,474,17,0,1231,3301,2,10,1,0,62,6,149,1889,0,1547,693,2,1250,39,296,0
2020-05-08,Confirmed,59690,33,1887,1,60,579,146,59,1,0,6318,7,7403,647,50,823,154,753,504,42,0,3341,19063,2,12,1,0,270,10,1731,3579,0,6009,1132,119,3214,63,1678,0
2020-05-08,Deceased,1985,0,41,0,2,5,2,0,0,0,68,0,449,8,3,9,3,30,4,0,0,201,730,0,1,0,0,2,0,29,103,0,40,29,0,66,1,160,0
2020-05-08,Recovered,17887,33,842,1,35,267,21,38,0,0,2020,7,1872,278,35,364,41,376,484,18,0,1349,3470,2,10,1,0,63,8,152,2011,0,1605,727,2,1387,45,323,0
2020-05-09,Confirmed,62865,33,1930,1,62,611,169,59,1,0,6542,7,7797,675,52,836,156,794,506,42,0,3457,20228,2,13,1,0,352,10,1762,3708,0,6535,1163,136,3373,67,1786,0
2020-05-09,Deceased,2100,0,44,0,1,5,2,0,0,0,68,0,472,9,3,9,3,30,4,0,0,212,778,0,1,0,0,3,0,31,106,0,44,30,0,74,1,171,0
2020-05-09,Recovered,19301,33,887,1,35,318,24,43,0,0,2020,7,2091,289,36,368,78,386,485,18,0,1480,3800,2,10,1,0,68,8,157,2162,0,1824,751,2,1499,46,372,0
2020-05-10,Confirmed,67176,33,1980,1,63,707,173,59,1,0,6923,7,8195,703,58,861,157,848,513,42,0,3614,22171,2,13,1,0,377,12,1823,3814,0,7204,1196,152,3467,68,1939,0
2020-05-10,Deceased,2212,0,45,0,1,6,3,0,0,0,73,0,493,10,3,9,3,31,4,0,0,216,831,0,1,0,0,3,0,31,108,0,47,30,0,79,1,185,0
2020-05-10,Recovered,20970,33,925,1,35,354,24,49,0,0,2069,7,2545,299,36,383,78,422,489,21,0,1676,4199,2,10,1,0,68,9,166,2241,0,1959,751,2,1653,46,417,0
2020-05-11,Confirmed,70768,33,2018,1,65,749,181,59,1,0,7233,7,8542,730,59,879,161,862,520,42,0,3785,23401,2,13,1,0,415,12,1877,3988,0,8002,1275,152,3573,68,2063,0
2020-05-11,Deceased,2293,0,45,0,1,6,3,0,0,0,73,0,513,11,3,10,3,31,4,0,0,222,867,0,1,0,0,3,0,31,113,0,53,30,0,80,1,190,0
2020-05-11,Recovered,22549,33,998,1,40,377,28,53,0,0,2129,7,2780,336,36,427,78,426,489,22,0,1747,4786,2,10,1,0,85,9,168,2324,0,2051,801,2,1758,46,499,0
2020-05-12,Confirmed,74330,33,2089,1,65,879,187,59,1,0,7639,7,8904,780,67,934,172,925,525,42,0,3986,24427,2,13,1,0,437,12,1914,4126,0,8718,1326,154,3664,69,2173,0
2020-05-12,Deceased,2413,0,46,0,1,6,3,0,0,0,86,0,537,11,3,10,3,31,4,0,0,226,920,0,1,0,0,3,0,32,117,0,61,32,0,82,1,198,0
2020-05-12,Recovered,24454,33,1056,1,40,382,30,54,1,0,2512,7,3246,341,36,455,79,433,489,22,0,1860,5125,2,10,1,0,116,9,171,2454,0,2134,822,2,1873,46,612,0
2020-05-13,Confirmed,78056,33,2137,1,80,953,191,59,1,0,7998,7,9268,793,68,971,177,959,535,43,0,4173,25922,2,13,1,0,538,13,1924,4328,0,9227,1367,155,3758,72,2290,0
2020-05-13,Deceased,2550,0,47,0,1,7,3,0,0,0,106,0,566,11,3,11,3,33,4,0,0,233,974,0,1,0,0,3,0,32,121,0,64,34,0,86,1,207,0
2020-05-13,Recovered,26417,33,1142,1,40,400,30,55,1,0,2858,7,3562,417,36,466,87,451,490,22,0,2004,5547,2,11,1,0,143,9,200,2573,0,2175,939,2,1965,46,702,0
2020-05-14,Confirmed,82047,33,2205,1,87,999,191,60,1,0,8470,15,9592,818,74,983,203,987,561,43,0,4426,27524,3,13,1,0,672,16,1935,4534,0,9674,1414,156,3902,78,2377,0
2020-05-14,Deceased,2647,0,48,0,1,7,3,0,0,0,115,0,586,11,3,11,3,35,4,0,0,238,1018,0,1,0,0,3,0,32,125,0,66,34,0,88,1,215,0
2020-05-14,Recovered,28011,33,1192,1,40,412,37,56,1,0,3045,7,3753,438,36,485,87,460,493,22,0,2171,6089,2,11,1,0,158,9,223,2638,0,2240,952,29,2072,50,768,0
2020-05-15,Confirmed,85855,33,2307,1,90,1033,191,66,1,0,8895,15,9932,854,76,1013,211,1056,577,43,0,4595,29100,3,13,1,0,737,16,1932,4747,0,10108,1454,156,4057,82,2461,0
2020-05-15,Deceased,2751,0,48,0,1,7,3,0,0,0,123,0,606,13,3,11,3,36,4,0,0,240,1067,0,1,0,0,3,0,32,125,0,71,34,0,95,1,225,0
2020-05-15,Recovered,30245,33,1252,1,41,440,40,56,1,0,3518,7,4035,463,36,513,97,480,493,24,0,2283,6564,2,11,1,0,166,9,305,2729,0,2599,959,42,2165,51,829,0
2020-05-16,Confirmed,90649,33,2355,1,93,1178,191,67,1,0,9333,20,10989,887,78,1121,217,1092,588,43,0,4790,30706,7,13,1,0,737,17,1946,4960,0,10585,1509,167,4258,91,2576,0
2020-05-16,Deceased,2871,0,49,0,1,8,3,0,0,0,129,0,625,13,3,12,3,36,4,0,0,244,1134,0,1,0,0,3,0,32,126,0,75,34,0,104,1,232,0
2020-05-16,Recovered,34257,33,1353,1,41,473,51,58,1,0,3926,7,4308,513,40,542,113,496,497,24,0,2315,7088,2,11,1,0,196,9,1257,2944,0,3538,971,64,2441,51,892,0
2020-05-17,Confirmed,95698,33,2380,1,101,1320,191,85,1,0,9755,29,11380,910,80,1183,223,1147,602,43,0,4977,33053,7,13,1,0,828,17,1964,5202,0,11224,1551,165,4464,92,2677,0
2020-05-17,Deceased,3023,0,50,0,1,8,3,0,0,0,148,0,659,14,3,13,3,37,4,0,0,249,1197,0,1,0,0,4,0,35,131,0,79,34,0,112,1,238,0
2020-05-17,Recovered,36795,33,1456,1,42,473,51,59,1,0,4202,7,4499,561,41,575,113,509,497,24,0,2403,7688,2,11,1,0,220,9,1366,3055,0,4172,992,85,2636,52,959,0
2020-05-18,Confirmed,100326,33,2432,1,116,1423,196,95,1,0,10054,38,11746,928,90,1289,228,1246,631,43,0,5236,35058,7,13,1,0,876,17,1980,5507,0,11760,1592,165,4605,96,2824,0
2020-05-18,Deceased,3154,0,50,0,3,9,3,0,0,0,160,0,694,14,3,15,3,37,4,0,0,253,1248,0,1,0,0,4,0,37,138,0,82,34,0,118,1,244,0
2020-05-18,Recovered,39277,33,1552,1,42,517,54,59,1,0,4485,7,4804,597,43,609,127,530,497,43,0,2435,8437,2,12,1,0,277,9,1547,3218,0,4406,1002,89,2783,52,1006,0
2020-05-19,Confirmed,106480,33,2489,1,158,1519,199,100,1,0,10554,46,12141,964,92,1317,248,1395,643,43,0,5465,37136,9,13,1,0,978,22,2002,5845,0,12448,1634,173,4926,111,2961,814
2020-05-19,Deceased,3300,0,52,0,3,9,3,0,0,0,166,0,719,14,4,17,3,40,4,0,0,259,1324,0,1,0,0,5,0,38,143,0,85,38,0,123,1,250,0
2020-05-19,Recovered,42309,33,1621,1,42,517,57,59,1,0,4750,7,5043,626,48,647,127,543,497,43,0,2631,9639,2,12,1,0,307,10,1642,3337,0,4895,1011,116,2918,52,1074,0
2020-05-20,Confirmed,112200,33,2560,1,189,1776,202,114,1,0,11088,50,12539,993,110,1390,290,1462,667,44,0,5735,39297,25,14,1,0,1052,23,2005,6015,0,13191,1661,173,5175,126,3103,1096
2020-05-20,Deceased,3434,0,53,0,3,9,3,0,0,0,176,0,749,14,4,18,3,41,4,0,0,268,1389,0,1,0,0,6,0,38,147,0,88,40,0,127,1,253,0
2020-05-20,Recovered,45422,33,1664,1,49,571,136,59,1,0,5192,7,5219,647,51,678,129,556,502,43,0,2734,10318,2,12,1,0,343,10,1794,3404,0,5882,1013,116,3066,53,1136,0
2020-05-21,Confirmed,118223,33,2605,1,211,1987,218,128,1,0,11659,52,12910,1030,152,1449,303,1605,691,44,0,5981,41642,25,14,1,0,1103,23,2028,6227,0,13967,1699,175,5515,145,3197,1403
2020-05-21,Deceased,3582,0,54,0,3,9,3,0,0,0,194,0,773,14,4,20,3,41,4,0,0,272,1453,0,1,0,0,7,0,39,151,0,95,45,0,138,1,259,0
2020-05-21,Recovered,48553,33,1705,1,55,571,178,59,1,0,5567,7,5488,680,56,684,136,571,510,43,0,2844,11726,2,12,1,0,393,10,1819,3485,0,6282,1036,148,3204,53,1193,0
2020-05-22,Confirmed,124759,33,2667,1,226,2166,219,172,1,0,12319,54,13273,1067,168,1489,323,1743,733,46,0,6170,44582,26,14,1,0,1189,26,2029,6494,0,14753,1761,175,5735,153,3332,1620
2020-05-22,Deceased,3724,0,55,0,3,11,3,0,0,0,208,0,802,16,4,20,3,41,5,0,0,273,1516,0,1,0,0,7,0,39,153,0,99,48,0,152,1,265,0
2020-05-22,Recovered,51833,33,1731,1,55,629,178,62,1,0,5897,16,5880,705,56,720,136,597,512,43,0,3089,12583,2,12,1,0,436,10,1847,3680,0,7128,1043,152,3324,53,1221,0
2020-05-23,Confirmed,131422,33,2714,1,347,2394,225,214,2,0,12910,55,13669,1131,185,1569,350,1959,795,49,0,6371,47190,29,14,1,0,1269,26,2045,6742,1,15512,1813,191,6017,244,3459,1899
2020-05-23,Deceased,3866,0,56,0,3,11,3,0,0,0,231,0,829,16,4,21,3,42,5,0,0,282,1576,0,1,0,0,7,0,39,160,0,104,49,0,155,1,269,0
2020-05-23,Recovered,54409,33,1779,1,57,653,179,64,1,0,6267,16,6169,749,58,774,141,608,515,43,0,3267,13404,2,12,1,0,497,10,1870,3786,0,7491,1068,152,3406,55,1281,0
2020-05-24,Confirmed,138533,33,2780,2,393,2574,262,252,2,0,13418,66,14063,1184,203,1621,370,2089,848,52,0,6665,50231,32,14,1,0,1336,41,2060,7028,1,16277,1854,194,6268,317,3667,2338
2020-05-24,Deceased,4022,0,56,0,3,11,4,0,0,0,261,0,858,16,4,21,4,42,6,0,0,291,1634,0,1,0,0,7,0,40,163,0,112,53,0,161,3,272,0
2020-05-24,Recovered,57694,33,1841,1,58,702,179,64,1,0,6540,16,6412,764,60,809,148,654,520,43,0,3408,14600,4,12,1,0,550,12,1898,3848,0,8324,1092,165,3538,58,1339,0
2020-05-25,Confirmed,144947,33,2886,2,549,2737,266,292,2,0,14053,67,14468,1213,223,1668,405,2182,897,53,0,6859,52667,36,15,1,3,1438,49,2081,7300,1,17082,1920,198,6497,349,3816,2642
2020-05-25,Deceased,4172,0,56,0,3,13,4,0,0,0,276,0,888,16,4,23,4,44,6,0,0,301,1694,0,1,0,0,7,0,40,167,0,119,56,0,169,4,278,0
2020-05-25,Recovered,60706,33,1892,1,63,733,187,67,1,0,6771,19,6636,801,64,809,148,705,532,43,0,3571,15786,4,12,1,0,649,17,1913,4056,0,8731,1164,165,3660,58,1414,0
2020-05-26,Confirmed,150854,33,2983,2,683,2968,278,360,2,0,14465,67,14829,1305,247,1759,426,2283,964,53,0,7024,54758,39,20,1,4,1517,49,2106,7536,1,17728,2032,232,6724,400,4009,2970
2020-05-26,Deceased,4345,0,57,0,3,14,4,0,0,0,288,0,915,16,4,24,4,44,7,0,0,306,1791,0,1,0,0,7,0,40,170,0,130,57,0,177,4,283,0
2020-05-26,Recovered,64291,33,2017,1,63,800,187,79,1,0,6954,28,7137,823,64,833,153,764,542,43,0,3689,16954,4,12,1,0,733,17,1918,4276,0,9342,1284,165,3824,64,1486,0
2020-05-27,Confirmed,158100,33,3117,2,784,3036,279,364,2,0,15257,68,15205,1381,273,1921,433,2418,1004,54,0,7261,56948,44,20,1,9,1593,49,2139,7816,1,18545,2139,242,6991,469,4192,4013
2020-05-27,Deceased,4533,0,58,0,3,15,4,0,0,0,303,0,938,18,6,26,4,47,7,0,0,314,1896,0,1,0,0,7,0,40,173,0,136,63,0,182,4,289,0
2020-05-27,Recovered,67725,33,2065,1,88,918,187,83,1,0,7264,37,7547,837,67,854,153,781,552,43,0,3927,17918,4,12,1,0,812,17,1918,4562,0,9909,1321,165,3991,79,1578,0
2020-05-28,Confirmed,165354,33,3245,3,881,3185,289,398,2,0,16281,69,15572,1504,281,2036,439,2533,1089,74,0,7453,59546,55,21,1,18,1660,53,2158,8067,1,19372,2256,244,7170,500,4536,4332
2020-05-28,Deceased,4709,0,59,0,3,15,4,0,0,0,316,0,960,19,6,27,4,47,8,0,0,322,1981,0,1,0,0,7,0,40,180,0,148,67,0,197,4,295,0
2020-05-28,Recovered,70896,33,2133,1,104,1050,189,83,1,0,7495,38,8001,880,74,859,153,834,555,43,0,4050,18616,4,12,1,0,887,17,1946,4815,0,10548,1345,167,4215,79,1668,0
2020-05-29,Confirmed,173492,33,3330,3,1058,3359,289,415,2,0,17386,69,15944,1721,295,2164,521,2781,1151,74,0,7645,62228,59,27,1,25,1723,57,2197,8365,1,20246,2425,254,7445,716,4813,4673
2020-05-29,Deceased,4978,0,60,0,3,15,4,1,0,0,398,0,980,19,6,28,5,48,9,0,0,335,2097,0,1,0,0,9,0,42,184,0,157,71,0,201,4,302,0
2020-05-29,Recovered,82631,33,2234,1,126,1209,189,100,1,0,7846,41,8609,939,84,875,216,894,565,43,0,4269,26997,6,12,1,0,977,23,1949,5244,0,11313,1381,167,4410,102,1775,0
2020-05-30,Confirmed,181856,33,3461,4,1217,3565,289,447,2,0,18549,70,16356,1923,313,2341,594,2922,1209,77,0,7891,65168,60,27,1,36,1819,57,2233,8617,1,21184,2499,271,7701,749,5130,5043
2020-05-30,Deceased,5183,0,60,0,3,21,4,1,0,0,416,0,1007,20,6,28,5,49,10,0,0,344,2196,0,1,0,0,9,0,44,193,0,163,77,0,213,5,309,0
2020-05-30,Recovered,86934,33,2289,1,164,1311,199,102,1,0,8075,42,9230,970,108,908,256,997,575,43,0,4444,28081,6,12,1,0,1050,23,1967,5739,0,12000,1412,172,4651,102,1970,0
2020-05-31,Confirmed,190645,33,3571,4,1340,3807,293,498,2,0,19844,71,16794,2091,331,2446,635,3221,1270,77,0,8089,67655,71,27,1,43,1948,70,2263,8831,1,22333,2698,316,8075,907,5501,5491
2020-05-31,Deceased,5405,0,62,0,3,23,4,1,0,0,473,0,1038,20,6,28,5,51,10,0,0,351,2285,0,1,0,0,9,0,45,194,0,176,82,0,217,5,317,0
2020-05-31,Recovered,91862,33,2340,1,186,1520,199,114,1,0,8478,44,9919,1047,117,927,256,1218,590,47,0,4842,29329,11,12,1,0,1126,25,1987,6032,0,12757,1428,173,4843,102,2157,0
2020-06-01,Confirmed,198368,33,3676,22,1486,3945,297,547,3,0,20834,73,17217,2356,340,2601,661,3408,1327,77,0,8283,70013,83,28,1,43,2104,79,2301,9100,1,23495,2792,423,8361,959,5772,5630
2020-06-01,Deceased,5606,0,64,0,3,23,4,1,0,0,523,0,1063,21,6,31,5,52,11,0,0,359,2361,0,1,0,0,9,0,44,199,0,187,88,0,222,5,325,0
2020-06-01,Recovered,95744,33,2374,1,285,1741,214,121,1,0,8746,50,10780,1054,119,946,296,1318,608,47,0,5003,30108,11,12,1,0,1245,25,2000,6213,0,13170,1491,173,5030,222,2306,0
2020-06-02,Confirmed,207180,33,3791,24,1560,4096,301,562,3,0,22132,79,17632,2652,345,2718,722,3796,1413,81,0,8420,72300,89,30,13,49,2245,79,2342,9373,1,24586,2891,471,8729,1043,6168,6414
2020-06-02,Deceased,5828,0,64,0,3,24,5,2,0,0,556,0,1092,23,6,33,5,52,12,1,0,365,2464,0,1,0,0,9,0,46,203,0,200,92,0,229,7,335,0
2020-06-02,Recovered,100275,33,2414,1,338,1803,214,130,1,0,9243,57,11894,1068,137,953,296,1393,627,47,0,5221,31333,14,12,1,0,1325,25,2017,6435,0,13706,1526,173,5176,252,2410,0
2020-06-03,Confirmed,216869,33,3971,34,1831,4326,301,626,11,0,23645,126,18117,2954,359,2857,764,4063,1495,90,0,8588,74860,108,33,14,58,2388,90,2376,9652,2,25872,3020,622,8870,1085,6508,7123
2020-06-03,Deceased,6087,0,68,0,3,25,5,2,0,0,615,0,1122,23,6,34,5,53,12,1,0,372,2586,0,1,0,0,9,0,47,209,0,208,99,0,230,8,345,0
2020-06-03,Recovered,104064,33,2464,1,414,2025,214,170,1,0,9542,57,12212,1088,147,1007,297,1504,651,48,0,5445,32329,38,13,1,0,1416,33,2029,6744,0,14316,1556,173,5257,259,2580,0
2020-06-04,Confirmed,226716,33,4112,39,2116,4452,302,773,14,0,25004,166,18609,3281,383,3142,827,4320,1589,94,0,8762,77793,124,33,17,80,2478,99,2415,9862,2,27256,3147,646,9237,1153,6876,7483
2020-06-04,Deceased,6361,0,71,0,3,28,5,2,0,0,659,0,1155,24,6,35,6,57,15,1,0,378,2709,0,1,0,0,9,0,47,213,0,223,105,0,245,10,355,0
2020-06-04,Recovered,108454,33,2529,1,460,2120,222,206,1,0,9898,57,12667,1122,176,1048,366,1610,690,48,0,5637,33681,38,13,1,0,1481,37,2043,7104,0,14901,1587,173,5439,297,2768,0
2020-06-05,Confirmed,236188,33,4250,43,2244,4598,309,863,14,0,26334,196,19119,3597,393,3324,922,4835,1700,97,0,8996,80229,132,33,24,107,2608,104,2461,10084,3,28694,3290,694,9733,1215,7303,7610
2020-06-05,Deceased,6647,0,73,0,3,29,5,2,0,0,708,0,1190,24,6,36,7,57,15,1,0,385,2848,0,1,0,0,10,0,48,218,0,235,113,0,257,11,366,0
2020-06-05,Recovered,113224,33,2565,1,510,2233,273,231,1,0,10315,65,13011,1208,186,1086,435,1693,712,48,0,5878,35147,38,13,1,0,1604,43,2069,7359,0,15762,1627,173,5648,344,2912,0
2020-06-06,Confirmed,246596,33,4460,45,2474,4831,312,923,19,0,27654,267,19617,3952,400,3467,1028,5213,1808,99,0,9228,82968,157,33,24,107,2781,107,2515,10337,7,30152,3496,749,10103,1303,7738,8192
2020-06-06,Deceased,6944,0,73,0,3,29,5,4,0,0,761,0,1219,24,6,39,7,59,16,1,0,400,2968,0,1,0,0,10,0,50,231,0,254,123,0,268,11,383,0
2020-06-06,Recovered,118657,33,2640,1,589,2298,273,259,1,0,10664,65,13324,1279,191,1126,473,1973,762,50,0,6108,37390,52,13,1,8,1716,48,2092,7501,0,16395,1710,173,5908,422,3119,0
2020-06-07,Confirmed,257478,33,4659,48,2682,5070,314,1073,20,0,28936,300,20097,4448,411,4087,1103,5452,1915,103,0,9401,85975,172,36,34,116,2856,119,2608,10599,7,31667,3650,802,10536,1355,8187,8610
2020-06-07,Deceased,7205,0,75,0,3,30,5,4,0,0,812,0,1249,28,6,41,7,61,16,1,0,413,3059,0,1,0,0,11,0,51,240,0,272,137,0,275,13,396,0
2020-06-07,Recovered,123848,33,2669,1,637,2405,274,266,2,0,10999,65,13643,1473,219,1216,490,2132,803,50,0,6331,39314,52,13,1,8,1894,49,2106,7754,0,16999,1742,192,6185,528,3303,0
2020-06-08,Confirmed,266014,33,4813,54,2836,5247,320,1197,22,0,29943,330,20574,4854,421,4285,1290,5760,2006,103,0,9638,88529,272,39,42,122,2994,128,2663,10876,7,33229,3742,840,10947,1411,8613,7837
2020-06-08,Deceased,7476,0,75,0,3,31,5,4,0,0,874,0,1280,39,6,45,7,64,17,1,0,415,3168,0,1,0,0,11,0,53,246,0,289,142,0,283,13,405,0
2020-06-08,Recovered,129019,33,2711,1,785,2542,285,335,2,0,11357,67,13964,1699,224,1324,519,2441,814,50,0,6536,40975,58,13,1,8,1993,53,2128,8117,0,17527,1742,192,6344,714,3465,0
2020-06-09,Confirmed,275995,34,4882,54,3051,5455,326,1211,24,0,31309,359,21044,5209,437,4346,1416,5921,2097,108,0,9849,90787,304,43,88,127,3140,132,2719,11245,13,34914,3920,866,11335,1537,8985,8711
2020-06-09,Deceased,7748,0,77,0,4,33,5,5,0,0,905,0,1313,45,6,48,8,66,17,1,0,421,3288,0,1,0,0,11,0,55,255,0,307,148,1,301,13,415,0
2020-06-09,Recovered,134653,33,2759,2,1097,2770,285,347,2,0,11861,67,14373,1806,238,1506,559,2605,848,50,0,6729,42639,64,13,1,10,2133,55,2167,8328,3,18325,1742,192,6669,755,3620,0
2020-06-10,Confirmed,287151,35,5247,58,3286,5698,328,1262,29,0,32810,387,21554,5579,451,4507,1551,6041,2162,115,0,10049,94041,311,44,93,128,3250,144,2805,11600,13,36841,4111,897,11610,1562,9328,9227
2020-06-10,Deceased,8106,0,78,0,5,34,5,6,0,0,984,0,1347,52,7,51,8,69,18,1,0,428,3437,0,1,0,0,11,0,55,259,0,326,156,1,321,15,432,0
2020-06-10,Recovered,140928,33,2869,4,1249,2934,289,351,2,0,12245,67,14743,2187,251,1671,592,2862,905,50,0,6892,44516,64,13,1,22,2282,60,2232,8569,3,19333,1817,239,6971,831,3779,0
2020-06-11,Confirmed,298286,38,5429,64,3431,5948,332,1398,30,0,34687,417,22067,5968,470,4574,1599,6245,2245,135,0,10241,97648,366,44,102,130,3386,157,2887,11838,13,38716,4320,922,12088,1655,9768,8931
2020-06-11,Deceased,8500,0,80,0,5,34,5,6,0,0,1085,0,1385,64,7,52,8,72,19,1,0,432,3589,0,1,0,0,12,2,59,265,0,349,165,1,345,16,442,0
2020-06-11,Recovered,146972,33,2968,4,1433,3086,293,421,2,0,12731,67,15109,2260,277,1820,630,2976,967,54,0,7042,46078,73,18,1,29,2354,67,2259,8775,3,20705,1993,278,7292,886,3988,0
2020-06-12,Confirmed,309592,38,5636,83,3694,6096,345,1445,30,0,36824,463,22562,6334,486,4730,1656,6516,2323,239,0,10443,101141,385,44,104,156,3498,163,2986,12068,63,40698,4484,963,12616,1724,10244,8315
2020-06-12,Deceased,8888,0,80,0,7,35,5,6,0,0,1214,0,1416,70,7,53,8,79,20,1,0,441,3716,0,1,0,0,13,3,63,272,0,367,174,1,365,21,451,0
2020-06-12,Recovered,154235,33,3091,4,1585,3316,295,544,2,0,13398,69,15501,2474,294,2086,685,3440,999,58,0,7201,47796,73,22,1,57,2474,76,2282,9011,3,22047,2278,278,7609,947,4206,0
2020-06-13,Confirmed,321631,38,5858,88,3901,6289,350,1550,35,0,38958,523,23079,6749,502,4878,1711,6824,2408,437,0,10641,104568,449,44,110,163,3723,176,3063,12401,63,42687,4737,1046,13118,1785,10698,7984
2020-06-13,Deceased,9197,0,82,0,7,35,5,6,0,0,1271,0,1449,78,7,55,8,82,20,1,0,448,3829,0,1,0,0,13,3,65,282,0,397,182,1,385,23,463,0
2020-06-13,Recovered,162327,33,3185,6,1806,3686,295,631,2,0,14945,70,15891,2802,310,2269,816,3648,1045,68,0,7377,49346,73,23,1,84,2594,82,2327,9337,5,23409,2352,315,7875,1077,4542,0
2020-06-14,Confirmed,333036,40,6152,91,4119,6475,352,1671,39,0,41182,564,23590,7208,518,5041,1763,7000,2462,549,0,10802,107958,458,44,112,173,3909,194,3140,12694,68,44661,4974,1079,13615,1819,11087,7436
2020-06-14,Deceased,9521,0,84,0,7,36,5,9,0,0,1327,0,1478,88,7,59,8,87,20,1,0,460,3949,0,1,0,0,14,4,67,292,0,435,185,1,399,24,475,0
2020-06-14,Recovered,169685,33,3316,7,1961,3975,295,719,2,0,15823,74,16333,3002,327,2389,905,3960,1101,80,0,7677,50978,91,26,1,88,2708,91,2356,9566,5,24547,2377,433,8268,1111,5060,0
2020-06-15,Confirmed,343068,41,6456,95,4310,6662,357,1715,39,0,42829,592,24104,7722,556,5220,1793,7213,2544,555,0,10935,110744,490,44,117,177,4055,202,3267,12981,68,46504,5193,1089,14091,1845,11494,6972
2020-06-15,Deceased,9917,0,86,0,7,38,6,9,0,0,1400,0,1506,100,7,62,9,89,21,1,0,466,4127,0,1,0,0,14,4,71,301,0,479,187,1,417,24,485,0
2020-06-15,Recovered,180324,33,3385,7,2206,4226,301,843,2,0,16427,85,16672,3564,343,2604,1000,4134,1174,82,0,7903,56049,151,26,1,88,2854,95,2443,9785,5,25344,2766,433,8610,1189,5494,0
2020-06-16,Confirmed,354154,44,6720,99,4511,6810,365,1784,54,0,44688,629,24628,8272,560,5298,1839,7530,2623,649,0,11083,113445,500,44,121,179,4163,216,3371,13216,68,48019,5406,1090,14598,1942,11909,7684
2020-06-16,Deceased,11921,0,88,0,7,39,6,9,0,0,1837,0,1534,118,7,63,9,96,21,1,0,477,5536,0,1,0,0,14,4,72,308,0,528,191,1,435,25,495,0
2020-06-16,Recovered,187550,33,3513,7,2412,4571,302,934,9,0,16500,85,17090,3747,362,2781,1121,4456,1234,85,0,8152,57851,159,28,1,103,2974,99,2461,9962,5,26782,3027,556,8904,1216,6028,0
2020-06-17,Confirmed,367262,44,7071,103,4695,6940,370,1864,59,0,47102,656,25148,8832,585,5406,1896,7734,2698,687,0,11244,116752,552,43,121,193,4338,245,3497,13542,70,50193,5675,1133,15181,2023,12300,8273
2020-06-17,Deceased,12262,0,90,0,7,39,6,9,0,0,1904,0,1561,130,7,64,10,104,21,1,0,483,5650,0,1,0,0,14,5,78,313,0,576,192,1,465,26,506,0
2020-06-17,Recovered,194440,33,3641,10,2643,4776,306,1099,12,0,17457,96,17438,3951,369,2914,1151,4804,1324,92,0,8388,59166,192,31,1,103,3047,109,2538,10467,5,27624,3071,556,9239,1254,6533,0
2020-06-18,Confirmed,381091,45,7496,103,4904,7040,374,1946,63,0,49979,705,25658,9218,595,5555,1919,7944,2795,687,0,11426,120504,606,43,130,193,4512,271,3615,13857,70,52334,6027,1154,15785,2103,12735,8703
2020-06-18,Deceased,12605,0,92,0,8,44,6,9,0,0,1969,0,1592,134,7,71,11,116,22,1,0,487,5750,0,1,0,0,14,6,83,330,0,625,195,1,488,26,518,0
2020-06-18,Recovered,205181,35,3772,11,2849,4961,306,1202,14,0,21341,109,17827,4555,374,3144,1198,4980,1413,95,0,8632,60838,199,32,1,109,3144,116,2570,10742,6,28641,3301,639,9638,1386,7001,0
2020-06-19,Confirmed,395729,47,7961,135,4904,7290,381,2018,77,0,53116,725,26198,9743,627,5680,1961,8281,2913,744,0,11582,124331,681,43,130,198,4677,287,3832,14156,70,54449,6526,1181,16594,2177,13090,8927
2020-06-19,Deceased,12969,0,96,0,8,49,6,10,0,0,2035,0,1619,144,7,75,11,125,22,1,0,496,5892,0,1,0,0,14,7,92,333,0,666,198,1,507,26,529,0
2020-06-19,Recovered,214210,35,3905,14,3067,5098,315,1305,14,0,23569,118,18167,4888,386,3194,1335,5210,1509,95,0,8748,62773,218,32,9,125,3297,118,2636,10997,22,30271,3352,657,9995,1433,7303,0
2020-06-20,Confirmed,411647,47,8452,135,5153,7503,404,2134,94,0,56746,754,26737,10223,656,5834,2024,8697,3040,836,0,11724,128205,777,43,140,201,4856,338,3952,14537,70,56845,7072,1189,17135,2301,13531,9265
2020-06-20,Deceased,13277,0,101,0,8,49,6,11,0,0,2112,0,1639,149,7,81,11,134,22,1,0,502,5983,0,1,0,0,15,7,98,337,0,704,203,1,529,27,540,0
2020-06-20,Recovered,228184,35,4111,15,3203,5367,316,1368,26,0,31294,129,18702,5127,406,3336,1404,5393,1566,117,0,8880,64153,232,32,9,138,3534,131,2678,11274,22,31316,3506,680,10369,1450,7865,0
2020-06-21,Confirmed,426798,48,8929,139,5485,7665,406,2255,99,0,59746,818,27317,10635,673,5956,2098,9150,3173,837,0,11903,132075,841,43,141,211,5160,366,4074,14930,78,59377,7802,1224,17731,2344,13945,9127
2020-06-21,Deceased,13703,0,106,0,8,51,6,11,0,0,2175,0,1664,160,7,82,11,139,22,1,0,516,6169,0,1,0,0,19,8,99,349,0,757,210,1,550,27,555,0
2020-06-21,Recovered,237259,37,4307,21,3405,5631,316,1421,27,0,33013,135,19357,5556,418,3382,1406,5619,1659,134,0,9015,65744,250,37,9,141,3720,140,2700,11597,26,32754,3731,759,10995,1500,8297,0
2020-06-22,Confirmed,440358,48,9372,148,5752,7893,411,2302,114,0,62655,864,27880,11025,727,6088,2140,9399,3311,847,0,12078,135796,898,45,142,280,5303,383,4235,15232,78,62087,8674,1240,18322,2402,14358,7832
2020-06-22,Deceased,14015,0,111,0,8,52,6,12,0,0,2233,1,1685,169,7,85,11,144,22,1,0,522,6282,0,1,0,0,21,8,101,356,0,794,217,1,569,28,569,0
2020-06-22,Recovered,248138,37,4435,22,3566,5767,322,1487,27,0,36602,152,19917,5915,430,3531,1469,5730,1747,136,0,9215,67706,250,37,12,141,3863,149,2825,11910,30,34112,4005,782,11601,1521,8687,0
2020-06-23,Confirmed,456014,50,9834,158,5955,8050,418,2385,123,0,66602,909,28429,11520,775,6236,2193,9721,3452,932,0,12261,139010,921,46,142,330,5470,402,4397,15627,79,64603,9553,1263,18893,2535,14728,8015
2020-06-23,Deceased,14483,0,119,0,8,54,6,12,0,0,2301,2,1711,178,7,87,11,152,23,1,0,526,6530,0,1,0,0,24,9,105,365,0,833,220,1,588,30,580,0
2020-06-23,Recovered,258600,40,4592,38,3763,6027,322,1527,27,0,39313,205,20521,6497,433,3642,1520,6004,1807,148,0,9335,69631,258,41,19,141,3988,165,3047,12213,30,35339,4224,807,12116,1602,9218,0
2020-06-24,Confirmed,472882,56,10331,160,6181,8273,420,2419,136,0,70390,951,29001,12010,806,6422,2219,10118,3604,932,0,12448,142899,970,46,145,347,5752,461,4627,16009,83,67468,10444,1263,19557,2623,15173,8141
2020-06-24,Deceased,14907,0,129,1,8,55,6,12,0,0,2365,2,1736,188,7,88,12,166,23,1,0,535,6738,0,1,0,0,24,9,113,375,0,866,225,1,596,35,591,0
2020-06-24,Recovered,271689,41,4779,38,3959,6106,322,1601,30,0,41437,289,21096,6924,467,3818,1575,6153,1888,274,0,9473,73792,328,41,24,148,4123,176,3099,12611,40,37763,4361,904,12586,1721,9702,0
2020-06-25,Confirmed,491087,58,10884,172,6545,8488,423,2456,156,0,73780,995,29578,12463,839,6549,2263,10560,3727,941,0,12595,147741,1056,46,145,355,5962,502,4769,16296,85,70977,11364,1295,20193,2691,15648,8493
2020-06-25,Deceased,15308,0,136,1,8,56,6,12,0,0,2429,2,1754,198,8,90,12,172,23,1,0,543,6930,0,1,0,0,24,9,120,379,0,911,230,1,611,36,606,0
2020-06-25,Recovered,285672,41,4988,42,4034,6480,329,1729,38,0,44765,335,21506,7379,475,3967,1605,6672,1941,358,0,9619,77453,354,42,30,160,4291,187,3192,12840,40,39999,4688,1026,13119,1758,10190,0
2020-06-26,Confirmed,509343,72,11489,174,6818,8678,425,2545,171,0,77240,1039,30158,12884,864,6762,2294,11005,3877,946,0,12798,152765,1075,48,147,371,6180,534,4957,16660,87,74622,12349,1331,20943,2725,16190,8123
2020-06-26,Deceased,15689,0,146,1,8,56,6,13,0,0,2492,2,1772,211,8,91,12,182,23,1,0,547,7105,0,1,0,0,24,9,122,380,0,957,237,1,630,37,616,0
2020-06-26,Recovered,295918,43,5196,49,4248,6669,335,1885,50,0,47091,370,22038,8015,495,4080,1647,6918,2006,467,0,9804,79815,393,42,47,162,4422,203,3201,13062,40,41357,4766,1062,13583,1822,10535,0
