TT,AN,AP,AR,AS,BR,CH,CT,DN,DD,DL,GA,GJ,HR,HP,JK,JH,KA,KL,LA,LD,MP,MH,MN,ML,MZ,NL,OR,PY,PB,RJ,SK,TN,TG,TR,UP,UT,WB,UN
424,0,67,0,15,3,2,0,0,0,32,0,13,0,0,7,0,9,24,0,0,32,33,0,0,0,0,1,2,4,27,0,110,30,0,13,0,0,0
9,0,0,0,0,0,0,0,0,0,0,0,0,0,0,0,0,0,0,0,0,1,3,0,0,0,0,0,0,0,0,0,0,3,0,2,0,0,0
16,0,1,0,0,0,0,0,0,0,0,0,0,10,0,1,0,1,2,0,0,0,0,0,0,0,0,1,0,0,0,0,0,0,0,0,0,0,0
8147,0,172,18,161,141,6,49,1,0,1022,2,436,265,9,162,26,196,81,0,0,226,2391,12,1,0,0,157,11,42,296,0,1272,124,107,299,52,271,139
210,0,2,0,0,0,0,0,0,0,50,0,25,1,0,3,0,1,1,0,0,9,79,0,0,0,0,0,0,-1,5,0,11,9,0,7,0,8,0
3898,0,35,0,99,221,15,7,0,0,268,6,861,17,2,20,40,101,20,0,0,161,779,0,0,0,0,120,0,13,181,0,413,63,0,187,120,149,0
10543,0,232,18,161,182,20,52,1,0,1245,2,762,283,9,187,29,220,81,0,0,316,3399,12,1,0,0,168,11,147,378,0,1475,130,107,416,52,308,139
287,0,4,0,0,1,0,0,0,0,52,0,47,1,0,3,0,1,1,0,0,17,105,0,0,0,0,0,0,-1,9,0,12,9,0,9,1,16,0
4860,0,117,0,103,235,15,7,0,0,341,6,984,23,4,51,42,123,29,0,0,203,885,0,10,0,0,134,0,17,404,0,467,85,0,290,121,164,0
11029,0,270,19,161,187,21,52,1,0,1386,2,763,289,12,195,30,234,102,0,0,325,3487,13,1,0,0,168,13,148,391,0,1550,157,107,427,55,324,139
301,0,4,0,0,1,0,0,0,0,54,0,48,1,0,3,0,1,1,0,0,19,113,0,0,0,0,0,0,0,9,0,12,9,0,9,1,16,0
4882,0,117,0,103,238,15,8,0,0,343,6,989,23,4,52,42,125,31,0,0,203,888,0,10,0,0,134,0,17,404,0,467,88,0,290,121,164,0
19841,0,385,21,235,338,25,67,1,0,2684,8,1178,585,17,312,91,622,188,4,0,462,5774,19,3,12,6,309,13,189,664,0,2641,256,155,795,139,720,923
523,0,4,0,0,2,1,1,0,0,87,0,77,3,0,5,0,1,2,1,0,25,216,0,0,0,0,0,0,2,13,0,25,13,0,16,3,26,0
9413,0,157,0,156,300,15,17,0,0,840,13,2103,37,22,59,42,200,50,0,0,421,2113,3,10,0,0,214,0,34,626,0,1003,123,0,436,151,268,0
22405,0,447,21,235,353,31,67,1,0,3068,8,1511,604,17,339,93,634,190,5,0,535,6564,19,3,12,6,315,14,376,770,0,2872,273,157,954,141,847,923
615,0,4,0,0,3,1,1,0,0,90,0,103,4,0,5,0,4,2,1,0,31,252,0,0,0,0,0,0,2,19,0,26,14,0,17,3,33,0
10244,10,195,0,156,319,16,17,0,0,929,13,2263,38,25,66,43,220,58,0,0,521,2234,3,10,0,0,215,0,38,752,0,1032,158,0,480,153,280,0
22965,0,462,21,242,355,31,67,1,0,3161,9,1518,613,17,344,93,638,199,6,0,582,6628,19,3,12,6,330,14,382,816,0,2974,348,157,1000,147,847,923
629,0,5,0,0,3,1,1,0,0,92,0,105,4,1,5,0,5,2,1,0,31,257,0,0,0,0,0,0,2,19,0,26,16,0,17,3,33,0
10282,10,195,0,156,319,16,17,0,0,929,13,2263,38,25,66,43,220,72,0,0,521,2242,3,10,0,0,216,0,38,752,0,1032,173,0,480,153,280,0
32654,0,642,31,513,585,31,131,9,0,4674,56,2003,915,31,483,135,905,281,15,0,750,9188,38,6,13,15,473,25,416,1095,1,4260,477,308,1141,189,1187,1632
888,0,9,0,0,4,1,1,0,0,151,0,135,4,1,6,0,6,2,1,0,38,379,0,0,0,0,0,0,3,25,0,34,23,0,18,4,43,0
14071,10,245,0,232,541,16,57,0,0,1228,13,2581,58,35,120,44,331,96,1,0,745,3238,27,11,0,0,307,8,50,1061,0,1642,203,0,561,160,450,0
35606,0,700,31,513,621,34,145,9,0,5101,56,2377,981,31,518,135,918,281,34,0,799,9866,38,6,13,15,475,25,746,1209,1,4526,498,320,1299,190,1463,1632
1028,0,9,0,0,4,2,1,0,0,151,0,163,4,1,6,0,6,2,1,0,43,406,0,0,0,0,0,0,4,28,0,35,23,0,18,4,117,0
14982,16,292,0,232,548,16,57,0,0,1334,13,2727,61,36,153,49,353,97,1,0,919,3353,27,11,0,0,311,9,55,1175,0,1680,249,0,617,160,431,0
36185,0,728,31,516,622,34,146,9,0,5160,57,2390,1007,38,535,135,934,292,34,0,824,10014,38,6,13,15,476,25,758,1236,1,4600,541,320,1359,196,1463,1632
1041,0,9,0,0,4,2,1,0,0,151,0,164,4,1,6,0,6,2,1,0,46,412,0,0,0,0,0,0,4,29,0,37,23,0,18,4,117,0
15038,16,292,0,232,548,19,57,0,0,1342,13,2730,62,36,153,49,353,105,1,0,919,3355,27,11,0,0,311,9,57,1197,0,1682,250,0,621,160,431,0
46032,0,869,36,801,748,35,293,12,0,6519,97,2882,1334,62,820,198,1191,386,38,0,998,12947,54,6,16,37,566,34,797,1446,1,5984,668,344,1726,264,1831,1992
1315,0,12,0,0,7,2,1,0,0,195,0,197,5,1,7,1,10,5,1,0,52,535,0,0,0,0,0,0,4,33,0,52,29,0,33,6,127,0
19428,16,357,0,278,643,27,93,0,0,1698,13,3185,96,65,194,118,459,144,1,0,1111,4707,27,11,0,0,376,13,71,1557,0,2267,281,0,803,198,619,0
49688,0,936,36,801,759,40,294,12,0,6868,97,3258,1409,63,845,198,1228,386,38,0,1103,14514,54,6,16,37,573,34,927,1621,1,6511,671,357,1847,264,1892,1992
1418,0,12,0,0,7,2,1,0,0,195,0,226,6,1,7,1,12,5,1,0,61,570,0,0,0,0,0,0,6,39,0,53,29,0,40,6,138,0
20510,16,393,0,278,646,29,93,0,0,1767,13,3338,105,65,210,118,487,205,1,0,1169,5057,27,11,0,0,376,13,82,1639,0,2297,321,0,851,198,705,0
50297,0,1000,36,801,759,40,294,12,0,6926,97,3278,1415,64,859,199,1235,394,38,0,1117,14626,54,6,16,37,591,34,930,1681,1,6597,733,357,1891,268,1919,1992
1440,0,12,0,0,7,2,1,0,0,196,0,227,6,1,7,1,12,5,1,0,63,583,0,0,0,0,0,0,8,39,0,55,29,0,41,6,138,0
20553,16,396,0,278,646,31,98,0,0,1767,13,3346,105,65,211,118,488,211,1,0,1172,5061,27,11,0,0,376,13,83,1639,0,2297,321,0,851,200,712,0
59769,0,1138,40,929,905,47,384,12,0,8256,127,3788,1731,74,1041,294,1750,505,41,0,1351,17062,62,6,23,64,721,39,976,1903,2,8035,876,405,2387,330,2346,2119
1726,0,14,0,0,8,2,1,0,0,245,0,262,6,1,8,2,12,5,1,0,70,722,0,0,0,0,1,0,9,44,0,67,37,0,53,7,149,0
25323,16,432,0,328,759,82,123,0,0,2184,21,3690,191,75,249,187,571,233,1,0,1413,6527,27,11,0,0,499,19,109,1894,0,3158,361,0,1060,247,856,0
62740,0,1205,40,931,912,64,385,13,0,8462,127,4229,1762,75,1056,304,1772,508,41,0,1458,18046,62,6,23,64,729,39,1195,2000,2,8543,887,418,2501,331,2431,2119
1854,0,15,0,0,8,2,1,0,0,245,0,311,6,2,8,2,14,5,1,0,81,756,0,0,0,0,2,0,11,56,0,69,37,0,59,7,156,0
26618,16,497,0,328,790,82,123,0,0,2221,21,3876,193,75,266,193,581,233,1,0,1557,6881,27,11,1,0,499,19,114,1981,0,3234,404,0,1245,247,902,0
63224,0,1252,40,931,912,64,385,13,0,8484,127,4247,1782,79,1059,305,1784,521,41,0,1521,18167,62,6,23,64,730,39,1206,2035,2,8593,917,419,2528,336,2431,2119
1870,0,17,0,0,8,2,1,0,0,245,0,312,8,2,8,2,14,5,1,0,83,763,0,0,0,0,2,0,11,57,0,70,37,0,59,7,156,0
26683,16,497,0,328,796,82,123,0,0,2221,21,3877,193,75,266,193,589,236,8,0,1565,6895,28,11,1,0,499,19,114,1981,0,3239,416,0,1245,247,902,0
73632,0,1462,42,1161,1145,67,445,18,0,9804,198,4745,2137,86,1202,411,2162,629,43,0,1753,20906,87,6,23,64,903,42,1260,2288,6,10051,1123,474,2898,424,2866,2701
2167,0,17,0,0,8,2,3,0,0,298,0,341,8,2,11,2,16,6,1,0,98,883,0,0,0,0,2,0,13,70,0,89,47,0,70,7,173,0
32116,16,572,0,407,861,82,151,0,0,2570,21,4190,264,80,306,231,869,286,10,0,1795,9138,42,11,1,8,611,24,137,2123,0,3872,499,0,1505,325,1109,0
77234,0,1522,42,1162,1152,72,445,18,0,10232,198,5125,2183,87,1236,413,2182,629,43,0,1842,22139,87,6,23,64,931,42,1335,2447,6,10822,1134,496,3016,424,2978,2701
2258,0,19,0,0,8,2,3,0,0,299,0,369,9,2,11,2,16,6,1,0,107,917,0,0,0,0,2,0,15,74,0,91,47,0,74,7,177,0
33277,16,712,0,409,861,82,151,0,0,2644,21,4309,268,80,308,235,892,293,10,0,1894,9413,42,11,1,8,612,24,139,2337,0,3903,519,0,1648,325,1110,0
77806,0,1533,42,1164,1158,72,445,18,0,10283,198,5154,2216,96,1252,413,2194,638,43,0,1876,22289,87,6,23,64,933,42,1355,2489,6,10891,1174,496,3043,424,2989,2701
2285,0,20,0,0,8,2,3,0,0,301,0,371,9,2,12,2,16,6,1,0,113,929,0,0,0,0,3,0,16,74,0,92,47,0,74,7,177,0
33352,16,712,0,409,867,84,152,0,0,2648,21,4312,270,81,308,235,897,305,10,0,1904,9422,42,11,1,8,612,25,149,2337,0,3909,519,0,1648,325,1113,0
88688,0,1732,45,1372,1397,74,595,19,0,11565,231,5634,2712,107,1872,488,2433,745,47,0,2049,25296,102,9,33,73,1008,54,1448,2751,6,12406,1328,549,3476,476,3438,3119
2546,0,22,0,0,9,2,3,0,0,352,0,401,13,2,14,2,18,6,1,0,126,1020,0,0,0,0,4,0,17,83,0,110,61,0,81,9,190,0
38543,16,741,0,457,974,85,159,1,0,2983,21,4631,464,109,398,252,1056,346,10,0,2127,11346,42,11,1,8,790,26,163,2590,0,4513,551,19,1925,431,1297,0
92032,0,1788,45,1380,1405,85,595,19,0,12013,231,6022,2743,110,1890,493,2445,745,47,0,2163,26512,102,9,33,73,1022,54,1566,2861,6,12986,1343,573,3549,476,3530,3119
2650,0,24,0,0,10,2,3,0,0,353,0,430,13,2,15,2,19,6,1,0,134,1063,0,0,0,0,4,0,18,89,0,112,61,0,83,9,197,0
40018,17,792,0,457,1034,85,159,1,0,3372,21,4840,464,109,411,256,1068,351,10,0,2259,11553,42,11,1,8,791,26,177,2740,0,4544,596,19,2045,431,1328,0
92597,1,1822,45,1380,1406,85,595,19,0,12106,231,6033,2767,110,1923,493,2451,754,47,0,2214,26629,102,9,33,73,1022,54,1573,2901,6,13034,1392,573,3578,480,3538,3119
2670,0,24,0,0,10,2,3,0,0,353,0,432,13,2,15,2,20,6,1,0,137,1071,0,0,0,0,4,0,19,90,0,113,61,0,84,9,199,0
40114,17,793,0,457,1034,85,159,1,0,3373,21,4840,465,109,413,256,1071,364,10,0,2263,11591,42,11,1,8,791,26,177,2760,0,4546,596,19,2055,432,1328,0
101133,1,1976,51,1534,1583,91,719,21,0,13113,261,6510,3173,120,2121,680,2759,845,47,0,2451,29183,202,12,41,79,1160,63,1628,3178,6,14596,1484,611,3989,536,3964,2346
2941,0,24,0,0,11,2,3,0,0,415,0,463,24,2,19,2,23,7,1,0,139,1180,0,0,0,0,4,0,21,96,0,130,66,0,92,9,208,0
45285,17,835,0,605,1171,96,228,1,0,3731,23,5161,691,114,521,285,1380,375,10,0,2468,13252,48,11,1,8,890,30,199,3123,0,5074,596,19,2214,618,1490,0
104472,1,2030,51,1540,1612,102,719,21,0,13451,261,6900,3195,124,2151,702,2807,846,47,0,2540,30272,202,12,41,79,1211,64,1715,3330,6,15196,1494,641,4132,538,4094,2346
3038,0,27,0,1,11,3,3,0,0,417,0,487,25,2,19,2,23,7,1,0,146,1217,0,0,0,0,4,0,22,100,0,133,66,0,96,9,217,0
46396,17,897,0,605,1220,96,230,1,0,3820,23,5324,710,114,550,285,1390,385,11,0,2586,13421,48,11,1,8,891,32,202,3245,0,5132,630,19,2351,624,1517,0
105285,1,2045,51,1541,1631,102,727,21,0,13502,261,6976,3198,125,2177,711,2823,858,47,0,2610,30501,202,12,41,79,1217,64,1739,3410,6,15292,1512,641,4181,538,4098,2346
3084,0,29,0,1,11,3,3,0,0,420,0,489,25,2,20,3,24,7,1,0,155,1242,0,0,0,0,4,0,23,100,0,133,67,0,96,9,217,0
46466,27,901,0,605,1220,96,230,1,0,3824,23,5325,710,114,550,285,1392,398,11,0,2586,13429,48,11,1,8,891,32,206,3260,0,5138,630,19,2351,624,1520,0
115266,2,2114,51,1756,1839,108,741,23,0,14868,290,7446,3553,141,2238,837,2984,949,52,0,2821,32759,234,16,87,84,1363,68,1795,3779,12,16977,1690,667,4569,664,4470,3220
3356,0,31,0,2,13,3,4,0,0,451,0,522,31,2,23,4,26,7,1,0,161,1362,0,0,0,0,4,0,25,109,0,151,73,1,114,9,227,0
52100,27,949,1,917,1448,96,242,1,0,4328,23,5734,817,128,732,325,1556,432,11,0,2779,15093,54,11,1,10,1031,34,245,3471,3,5936,630,19,2676,665,1675,0
118441,2,2157,51,1758,1871,131,741,23,0,15092,290,7840,3581,143,2251,839,3025,951,52,0,2937,33924,234,17,87,84,1445,68,1826,3908,12,17503,1721,684,4728,668,4578,3220
3471,0,34,0,1,13,3,4,0,0,451,0,545,32,2,23,4,26,7,1,0,172,1410,0,0,0,0,5,0,27,112,0,155,74,1,122,9,238,0
53514,27,994,1,917,1499,99,247,1,0,4328,23,5953,828,129,736,362,1566,433,11,0,2910,15423,54,11,1,10,1036,34,250,3622,3,6155,654,19,2788,666,1724,0
119312,2,2175,51,1758,1873,132,741,23,0,15275,290,7956,3587,143,2274,840,3035,958,53,0,2977,34134,234,17,87,84,1447,70,1847,4006,12,17580,1737,685,4751,668,4591,3220
3493,0,34,0,2,13,3,4,0,0,453,0,546,32,2,23,4,26,7,1,0,176,1422,0,0,0,0,5,0,28,112,0,156,74,1,122,9,238,0
53665,27,994,1,917,1499,99,247,1,0,4330,24,5960,832,129,736,362,1570,460,12,0,2922,15486,54,11,1,10,1046,34,252,3622,3,6172,654,19,2789,666,1724,0
130468,3,2540,55,1993,2116,134,792,28,0,16776,318,8466,3957,157,2435,975,3155,1023,60,0,3177,37388,241,18,92,85,1557,82,1933,4361,12,19507,1928,716,5026,693,4934,3736
3851,0,35,0,3,14,3,5,0,0,532,0,580,39,3,26,4,29,8,1,0,183,1571,0,0,0,0,5,0,28,116,0,175,82,1,142,11,255,0
59940,27,1104,3,1069,1663,103,251,1,0,4714,24,6330,1213,142,901,395,1827,517,12,0,3085,17363,54,11,1,22,1195,39,317,3863,3,7180,729,66,3091,742,1883,0
134779,3,2590,55,1994,2212,138,792,28,0,17157,318,8864,3985,163,2460,976,3209,1030,60,0,3334,39331,241,18,92,85,1582,84,1994,4467,12,20176,1961,732,5120,694,5087,3736
3963,0,36,0,3,15,4,5,0,0,537,0,601,40,3,26,4,30,8,1,0,187,1624,0,0,0,0,5,0,28,118,0,178,82,1,147,11,269,0
61609,27,1142,3,1069,1699,103,257,1,0,4763,24,6784,1223,142,916,395,1863,521,15,0,3281,17762,54,11,1,22,1195,40,326,3942,3,7315,729,66,3245,742,1928,0
135633,3,2614,55,1994,2216,138,799,28,0,17323,318,8954,3988,167,2477,979,3217,1040,60,0,3412,39518,241,18,92,85,1586,84,2001,4606,12,20234,1977,732,5139,694,5097,3736
4003,0,36,0,3,15,4,5,0,0,542,0,604,40,3,26,4,30,9,1,0,191,1641,0,0,0,0,5,0,29,124,0,179,84,1,148,11,269,0
61795,27,1142,3,1069,1699,103,257,1,0,4763,28,6795,1223,148,916,395,1868,540,15,0,3282,17782,54,11,1,22,1195,40,326,3998,3,7315,780,66,3258,742,1928,0
146768,6,2796,61,2139,2466,142,935,29,0,19200,348,9467,4377,186,2544,1027,3421,1123,80,0,3604,43125,296,18,101,87,1722,97,2083,4844,12,22109,2186,757,5617,787,5537,3440
4397,0,38,0,3,15,4,5,0,0,643,0,642,52,3,27,4,33,10,1,0,195,1793,0,0,0,0,6,2,33,130,0,202,93,1,172,12,279,0
67839,27,1241,3,1253,1851,107,327,1,0,5249,28,7161,1296,174,1065,433,1982,602,19,0,3432,19344,63,16,1,29,1267,47,353,4204,3,8687,956,105,3579,797,2137,0
150360,6,2834,61,2141,2508,150,935,29,0,19510,348,9814,4404,187,2562,1031,3435,1130,80,0,3775,44355,296,18,101,87,1760,97,2137,5018,12,22907,2265,757,5723,787,5661,3440
4478,0,38,0,3,15,4,5,0,0,643,0,662,53,3,28,4,33,10,1,0,201,1829,0,0,0,0,6,2,33,135,0,208,93,1,173,12,284,0
69418,27,1314,3,1258,1874,111,331,1,0,5309,28,7396,1333,174,1109,433,1986,602,20,0,3503,19931,63,16,1,29,1284,47,355,4287,3,8779,1006,105,3684,797,2219,0
151118,6,2849,61,2142,2508,152,941,29,0,19595,348,9862,4420,187,2583,1033,3452,1132,80,0,3808,44576,296,18,101,87,1760,97,2149,5122,12,23013,2293,757,5754,787,5669,3440
4520,0,39,0,3,15,4,5,0,0,648,0,664,54,3,28,5,33,10,1,0,204,1851,0,0,0,0,6,2,33,137,0,209,95,1,173,12,286,0
69532,27,1316,3,1258,1885,111,332,1,0,5310,28,7396,1341,178,1109,433,2001,638,20,0,3506,19940,63,16,1,29,1284,47,358,4292,3,8785,1013,105,3684,797,2222,0
162424,6,3056,80,2405,2656,165,988,29,0,21732,394,10357,4786,203,2739,1090,3723,1210,184,0,4010,48069,315,18,103,113,1872,103,2248,5352,62,24995,2457,798,6282,856,6145,2824
4908,0,39,0,5,16,4,5,0,0,777,0,695,60,3,29,5,40,11,1,0,213,1978,0,0,0,0,7,3,37,144,0,227,104,1,193,17,295,0
76795,27,1439,3,1410,2115,113,455,1,0,5977,30,7788,1555,195,1375,488,2465,670,24,0,3665,21658,63,20,1,57,1404,56,381,4528,3,10127,1298,105,4001,858,2440,0
165986,6,3127,80,2405,2786,171,988,29,0,22138,394,10719,4836,211,2794,1101,3786,1215,184,0,4211,49095,315,18,103,113,1894,103,2285,5490,62,25711,2508,800,6373,857,6255,2824
5028,0,40,0,5,16,4,5,0,0,790,0,719,60,3,29,5,40,11,1,0,217,2031,0,0,0,0,7,3,38,148,0,235,106,1,195,17,303,0
78700,27,1497,3,1410,2120,115,456,2,0,6360,30,8254,1560,195,1403,489,2472,670,24,0,3778,21997,63,20,1,57,1435,56,384,4658,3,10210,1319,105,4116,858,2553,0
167229,6,3146,80,2407,2788,171,988,29,0,22494,394,10775,4837,211,2819,1106,3801,1218,186,0,4263,49447,315,19,103,113,1895,103,2291,5583,62,25809,2569,800,6448,857,6273,2824
5055,0,40,0,5,16,4,5,0,0,794,0,721,60,3,29,5,42,11,1,0,224,2042,0,0,0,0,7,3,38,148,0,235,107,1,195,17,303,0
78812,27,1497,3,1410,2122,115,456,2,0,6363,30,8264,1567,195,1413,489,2478,689,25,0,3788,22009,63,20,1,57,1441,56,386,4658,3,10218,1319,105,4120,860,2563,0
179268,6,3368,85,2614,2981,176,1093,34,0,24628,454,11292,5252,227,2967,1161,4109,1303,384,0,4461,52874,379,19,109,120,2120,116,2368,5916,62,27798,2822,883,6950,918,6727,2493
5364,0,42,0,5,16,4,5,0,0,851,0,754,68,3,31,5,45,11,1,0,231,2155,0,0,0,0,7,3,40,158,0,265,115,1,215,19,315,0
86904,27,1591,5,1631,2492,115,543,2,0,7910,31,8654,1895,211,1596,620,2686,735,35,0,3964,23559,63,21,1,84,1561,62,431,4984,5,11580,1393,142,4386,990,2899,0
182994,6,3416,85,2629,3055,180,1093,34,0,24987,454,11656,5265,228,3004,1166,4143,1313,385,0,4648,54369,379,19,109,120,2221,117,2378,6118,62,28307,2863,884,7044,921,6844,2493
5501,0,43,0,5,17,4,5,0,0,871,0,783,68,3,32,5,47,11,1,0,238,2209,0,0,0,0,7,3,40,162,0,268,117,1,219,19,324,0
88867,27,1677,5,1631,2510,115,544,2,0,8256,31,8970,1971,211,1607,628,2704,736,35,0,4108,23981,63,22,1,84,1588,62,460,5103,5,11621,1510,142,4478,990,2989,0
184025,6,3461,85,2630,3055,180,1095,34,0,25038,454,11734,5267,229,3012,1169,4156,1321,385,0,4775,54715,379,19,109,120,2226,117,2386,6226,62,28338,2915,884,7146,923,6882,2493
5538,0,47,0,5,17,4,5,0,0,873,0,785,68,3,32,5,49,11,1,0,241,2227,0,0,0,0,7,3,41,162,0,269,118,1,222,19,324,0
89034,27,1681,5,1631,2511,115,547,2,0,8256,31,8975,1975,212,1621,628,2715,749,35,0,4121,24011,63,22,1,84,1588,62,462,5129,5,11644,1517,142,4479,992,2996,0
195430,8,3755,88,2848,3241,182,1216,38,0,27262,495,12245,5726,245,3175,1221,4332,1375,497,0,4936,58105,388,19,111,130,2412,135,2463,6519,67,30312,3152,917,7643,957,7271,1945
5862,0,49,0,5,18,4,8,0,0,929,0,814,78,3,36,5,54,11,1,0,253,2347,0,0,0,0,8,4,43,172,0,307,121,1,236,20,336,0
96392,27,1812,6,1786,2800,115,635,2,0,9134,35,9417,2175,229,1741,717,3027,805,47,0,4421,25643,81,25,1,88,1702,71,491,5358,5,12782,1542,260,4872,1026,3514,0
195511,8,3756,88,2848,3241,182,1216,38,0,27269,495,12245,5740,245,3177,1221,4338,1394,497,0,4936,58119,388,19,111,130,2412,135,2464,6522,67,30313,3153,917,7655,957,7271,1945
5864,0,49,0,5,18,4,8,0,0,930,0,814,78,3,36,5,55,11,1,0,253,2347,0,0,0,0,8,4,43,172,0,307,121,1,236,20,336,0
96401,27,1812,6,1786,2800,115,635,2,0,9135,35,9417,2175,229,1741,717,3027,808,47,0,4421,25643,81,25,1,88,1702,71,491,5359,5,12782,1542,260,4876,1026,3514,0
199502,8,3824,88,2855,3287,182,1217,38,0,27741,503,12569,5765,251,3189,1247,4366,1420,497,0,5189,59721,389,19,111,130,2546,138,2475,6728,67,30760,3200,918,7799,963,7358,1945
5961,0,50,0,5,18,4,8,0,0,939,0,834,78,3,36,5,57,11,1,0,258,2391,0,0,0,0,8,4,43,176,0,309,121,1,238,20,344,0
97995,27,1862,6,1786,2812,122,636,2,0,9322,35,9608,2196,229,1760,717,3036,811,47,0,4588,26185,81,25,1,88,1717,71,514,5424,5,12847,1555,287,4983,1030,3580,0
200388,8,3865,88,2855,3293,182,1217,38,0,27758,503,12685,5771,253,3211,1248,4385,1421,498,0,5386,59957,389,25,111,130,2546,138,2477,6799,67,30798,3206,918,7874,963,7381,1945
5988,0,53,0,5,18,4,8,0,0,941,0,839,78,3,36,5,59,11,1,0,258,2400,0,1,0,0,8,4,43,176,0,311,121,1,241,20,344,0
98139,27,1866,7,1788,2812,124,640,2,0,9332,36,9613,2198,229,1766,717,3045,818,47,0,4588,26221,81,25,1,88,1718,71,514,5424,5,12884,1563,288,4990,1030,3581,0
210420,9,4169,92,3046,3480,187,1261,38,0,29405,531,13199,6285,291,3390,1278,4598,1503,504,0,5519,62743,421,25,116,134,2692,146,2604,7086,67,32641,3425,928,8350,989,7788,1481
6384,0,55,0,5,20,5,8,0,0,1014,0,867,90,3,39,6,61,12,1,0,264,2578,0,1,0,0,8,4,47,185,0,355,123,1,259,20,354,0
108778,27,1935,7,2033,3063,130,764,2,0,9936,47,9952,2760,245,1981,812,3219,891,49,0,4814,31292,141,25,1,88,1864,75,601,5643,5,13681,1952,288,5332,1108,4015,0
210447,9,4169,92,3046,3480,187,1261,38,0,29405,531,13199,6285,291,3390,1278,4598,1508,504,0,5519,62761,421,25,116,134,2692,146,2604,7087,67,32641,3427,928,8351,989,7788,1481
6384,0,55,0,5,20,5,8,0,0,1014,0,867,90,3,39,6,61,12,1,0,264,2578,0,1,0,0,8,4,47,185,0,355,123,1,259,20,354,0
108782,27,1935,7,2033,3063,130,764,2,0,9937,47,9952,2760,245,1981,812,3219,891,49,0,4814,31292,141,25,1,88,1864,75,601,5645,5,13681,1953,288,5332,1108,4015,0
214255,9,4271,92,3049,3514,187,1267,38,0,29830,531,13539,6321,293,3420,1286,4667,1524,504,0,5688,64337,421,25,116,134,2757,146,2601,7300,67,33075,3467,928,8506,993,7872,1481
6488,0,55,0,5,20,5,8,0,0,1022,0,887,92,3,39,6,62,12,1,0,266,2627,0,1,0,0,8,4,47,185,0,360,123,1,266,20,364,0
111016,27,1995,7,2034,3091,133,764,2,0,10410,47,10234,2785,245,2009,822,3239,891,51,0,4926,31767,141,25,1,88,1872,75,683,5736,5,14040,1960,301,5425,1109,4076,0
215316,9,4280,92,3051,3525,187,1270,38,0,29892,531,13702,6332,293,3434,1287,4703,1531,504,0,5914,64622,421,27,116,134,2757,146,2612,7355,67,33100,3517,928,8576,993,7890,1481
6514,0,55,0,5,20,5,8,0,0,1028,0,890,92,3,39,6,63,12,1,0,268,2634,0,1,0,0,8,4,48,185,0,361,123,1,268,20,367,0
111274,28,1995,7,2037,3099,133,770,2,0,10421,47,10243,2793,248,2011,822,3241,918,53,0,4932,31772,141,25,1,88,1872,75,685,5753,5,14102,2028,301,5436,1109,4081,0
226402,12,4544,96,3252,3673,195,1339,53,0,31751,568,14226,6882,297,3512,1333,5020,1610,598,0,6062,67323,431,27,120,136,2865,160,2716,7590,67,34615,3730,929,9083,1090,8305,2193
8518,0,57,0,5,21,5,8,0,0,1465,0,918,110,3,40,6,70,12,1,0,279,4043,0,1,0,0,8,4,49,192,0,410,127,1,286,21,377,0
118500,28,2123,7,2243,3444,134,861,9,0,10494,47,10661,2976,267,2188,943,3563,978,56,0,5181,33574,149,27,1,103,1992,79,703,5930,5,15540,2289,424,5730,1136,4615,0
226417,12,4544,96,3252,3673,195,1339,53,0,31751,568,14226,6882,297,3513,1333,5021,1613,598,0,6062,67329,431,27,120,136,2866,161,2716,7590,67,34615,3731,929,9083,1091,8305,2193
8518,0,57,0,5,21,5,8,0,0,1465,0,918,110,3,40,6,70,12,1,0,279,4043,0,1,0,0,8,4,49,192,0,410,127,1,286,21,377,0
118501,28,2123,7,2243,3444,134,861,9,0,10494,47,10661,2976,267,2188,943,3563,978,56,0,5181,33574,149,27,1,103,1992,79,703,5930,5,15541,2289,424,5730,1136,4615,0
231211,12,4592,96,3255,3818,195,1340,53,0,32189,573,15283,6915,299,3621,1339,5057,1624,598,0,6257,68935,435,27,120,136,2866,162,2730,7803,67,35092,3786,940,9284,1100,8420,2193
8638,0,58,0,5,22,5,8,0,0,1471,0,937,110,3,41,6,70,12,1,0,283,4110,0,1,0,0,8,4,49,193,0,414,127,1,295,21,384,0
122513,28,2224,7,2243,3477,145,863,9,0,10902,47,10934,3026,271,2217,959,3579,982,56,0,5213,34098,149,27,1,103,2022,79,1655,6145,5,16480,2301,446,6006,1136,4678,0
232133,13,4630,96,3255,3820,195,1340,53,0,32256,573,15453,6923,302,3635,1342,5101,1625,598,0,6403,69055,435,27,120,136,2866,162,2744,7901,67,35148,3852,940,9328,1103,8444,2193
8676,0,58,0,5,22,5,8,0,0,1475,0,942,110,3,42,6,70,12,1,0,297,4117,0,1,0,0,8,4,49,199,0,414,127,1,296,21,384,0
122786,28,2239,7,2247,3477,145,864,9,0,10922,47,10947,3047,271,2221,959,3585,992,56,0,5213,34129,149,27,1,103,2024,79,1656,6164,5,16583,2301,446,6020,1136,4687,0
245241,13,4981,100,3439,3950,200,1420,58,0,34670,600,15973,7483,327,3743,1399,5305,1700,636,0,6564,72362,487,26,120,150,3041,191,2870,8227,69,37322,4121,983,9911,1184,8835,2782
9017,0,60,0,5,22,5,8,0,0,1542,0,969,122,3,43,7,78,12,1,0,303,4231,0,1,0,0,8,5,55,204,0,462,128,1,326,22,395,0
129676,28,2367,10,2478,3682,149,1029,12,0,11879,58,11295,3251,278,2354,989,3933,1082,63,0,5449,35444,182,30,1,103,2097,89,1733,6669,5,17425,2345,446,6355,1174,5192,0
245252,13,4981,100,3439,3950,200,1420,58,0,34671,600,15973,7484,327,3743,1399,5307,1700,636,0,6564,72365,487,26,120,150,3041,191,2870,8227,69,37322,4122,983,9913,1184,8836,2782
9018,0,60,0,5,22,5,8,0,0,1542,0,969,122,3,43,7,78,12,1,0,303,4232,0,1,0,0,8,5,55,204,0,462,128,1,326,22,395,0
129677,28,2367,10,2478,3682,149,1029,12,0,11879,58,11295,3251,278,2354,989,3933,1082,63,0,5449,35444,182,30,1,103,2097,89,1733,6669,5,17425,2345,446,6356,1174,5192,0
250301,13,5006,100,3447,4092,200,1438,58,0,35093,609,16364,7507,329,3805,1405,5362,1714,636,0,6751,74712,487,26,120,150,3132,191,2888,8469,69,37961,4164,981,10119,1185,8937,2782
9170,0,61,0,5,22,5,8,0,0,1561,0,1003,123,3,44,7,79,12,1,0,308,4295,0,1,0,0,9,5,58,209,0,466,128,1,334,22,401,0
132215,28,2470,10,2479,3682,149,1030,12,0,12155,58,11486,3299,279,2387,989,3946,1082,63,0,5537,36044,182,30,1,103,2121,89,1842,6780,5,18059,2366,467,6551,1175,5259,0
251672,15,5037,100,3447,4093,202,1438,58,0,35279,609,16641,7516,330,3818,1406,5387,1718,636,0,6843,75039,487,28,120,150,3133,191,2911,8591,69,38010,4207,981,10245,1187,8969,2782
9205,0,63,0,5,23,5,8,0,0,1562,0,1015,123,3,44,7,80,12,1,0,308,4305,0,1,0,0,9,5,60,213,0,466,128,1,334,22,403,0
132641,28,2477,10,2482,3687,149,1031,12,0,12290,58,11493,3313,279,2396,989,3962,1084,63,0,5594,36078,182,30,1,103,2124,92,1843,6797,5,18141,2366,467,6577,1175,5263,0
265501,16,5462,100,3656,4193,206,1520,62,0,38156,658,17151,7902,340,3967,1429,5597,1815,636,0,7025,78791,541,28,129,150,3307,217,3029,8906,69,40151,4559,1002,10849,1267,9404,3212
9548,0,65,0,6,28,5,8,0,0,1627,0,1046,127,3,51,8,92,13,1,0,312,4405,0,1,0,0,9,6,65,230,0,515,131,1,357,22,415,0
143382,30,2608,11,2688,3872,149,1134,14,0,16174,71,11882,3917,284,2626,1036,4138,1173,66,0,5838,37750,189,31,1,109,2221,99,1875,7072,6,19158,2596,550,6976,1307,5731,0
265538,16,5462,100,3656,4193,206,1520,62,0,38158,658,17151,7903,340,3968,1429,5602,1815,644,0,7025,78794,541,28,129,150,3308,217,3030,8909,69,40152,4567,1002,10851,1268,9404,3212
9548,0,65,0,6,28,5,8,0,0,1627,0,1046,127,3,51,8,92,13,1,0,312,4405,0,1,0,0,9,6,65,230,0,515,131,1,357,22,415,0
143382,30,2608,11,2688,3872,149,1134,14,0,16174,71,11882,3917,284,2626,1036,4138,1173,66,0,5838,37750,189,31,1,109,2221,99,1875,7072,6,19158,2596,550,6976,1307,5731,0
270166,16,5514,100,3671,4296,211,1530,62,0,38457,667,17517,7921,350,4074,1434,5701,1844,644,0,7284,80799,541,28,129,150,3356,217,3046,9214,69,40688,4608,1002,10992,1272,9551,3212
9679,0,65,0,8,29,5,8,0,0,1639,0,1081,127,3,53,8,92,13,1,0,316,4456,0,1,0,0,9,6,67,237,0,518,131,1,363,22,421,0
145864,30,2704,11,2688,3916,152,1134,14,0,16457,71,12187,3953,286,2660,1050,4159,1173,85,0,5870,38499,189,32,1,109,2278,99,2056,7235,6,19392,2606,554,7123,1307,5778,0
271746,17,5558,100,3671,4306,214,1530,62,0,38567,667,17884,7939,350,4087,1442,5707,1846,644,0,7289,81351,541,28,129,150,3356,217,3056,9341,69,40793,4657,1002,11117,1274,9574,3212
9717,0,66,0,8,29,5,8,0,0,1641,0,1091,127,3,53,8,94,13,1,0,319,4468,0,1,0,0,9,6,67,239,0,518,134,1,366,22,421,0
146252,30,2727,11,2693,3916,156,1134,14,0,16540,72,12199,3957,286,2665,1050,4166,1186,85,0,5874,38641,189,32,1,109,2278,99,2062,7240,6,19438,2606,554,7142,1309,5785,0
286384,19,6023,132,3671,4556,221,1602,76,0,41704,687,18424,8464,382,4212,1484,6044,1964,701,0,7445,85178,616,28,129,155,3521,233,3273,9640,69,42908,5156,1029,11926,1348,9929,3436
10081,0,70,0,8,34,5,9,0,0,1707,0,1118,137,3,57,8,103,13,1,0,328,4610,0,1,0,0,9,7,76,242,0,559,137,1,385,22,432,0
155281,30,2860,14,2911,4053,165,1237,14,0,18768,81,12539,4290,298,2715,1187,4396,1282,85,0,5990,40576,208,32,9,125,2431,101,2128,7495,22,21068,2657,572,7499,1356,6087,0
286411,19,6025,132,3671,4556,222,1603,76,0,41708,687,18426,8465,382,4212,1484,6045,1965,701,0,7445,85182,616,28,129,155,3521,233,3273,9642,69,42909,5159,1029,11929,1349,9929,3436
10082,0,70,0,8,34,5,9,0,0,1707,0,1118,137,3,57,8,103,13,1,0,328,4610,0,1,0,0,9,7,77,242,0,559,137,1,385,22,432,0
155286,30,2860,14,2911,4053,165,1237,14,0,18769,81,12539,4290,298,2715,1187,4396,1282,85,0,5990,40576,208,32,9,125,2431,101,2128,7495,22,21068,2657,572,7503,1356,6087,0
292565,19,6082,132,3713,4652,225,1608,76,0,42208,695,18821,8501,384,4240,1504,6194,1977,701,0,7674,87260,618,28,129,155,3623,238,3295,9980,69,43597,5201,1037,12250,1364,10066,4250
10228,0,72,0,8,34,5,9,0,0,1713,0,1143,137,4,59,8,106,13,1,0,334,4686,0,1,0,0,10,7,78,247,0,562,141,1,390,22,438,0
158318,30,2929,14,2911,4053,168,1237,14,0,19034,81,12778,4319,303,2753,1187,4409,1282,85,0,6186,41778,208,32,9,125,2461,102,2223,7614,22,21557,2666,599,7638,1356,6155,0
293804,20,6157,132,3713,4669,225,1608,76,0,42286,695,19017,8502,384,4254,1509,6212,1983,701,0,7752,87726,618,28,129,155,3636,238,3296,10078,69,43640,5215,1037,12334,1366,10095,4250
10261,0,75,0,8,34,5,9,0,0,1715,0,1151,137,4,59,8,106,13,1,0,338,4695,0,1,0,0,10,7,78,249,0,564,143,1,391,22,438,0
158737,30,2956,14,2913,4053,169,1237,14,0,19175,81,12804,4356,303,2768,1191,4410,1303,85,0,6193,41843,209,32,9,125,2461,102,2224,7614,22,21603,2666,599,7651,1363,6159,0
309722,20,6648,132,3962,4882,248,1724,93,0,45916,724,19556,8982,413,4408,1572,6628,2110,793,0,7894,91600,714,28,139,158,3815,289,3416,10459,69,46036,5761,1045,12875,1490,10536,4588
10569,0,80,0,8,34,5,10,0,0,1792,0,1171,142,4,65,8,115,13,1,0,344,4786,0,1,0,0,11,7,84,253,0,602,148,1,413,23,449,0
172711,30,3162,15,3049,4322,170,1300,26,0,26900,92,13339,4595,323,2910,1260,4593,1360,107,0,6325,43223,223,32,9,138,2698,115,2266,7891,22,22648,2820,622,8025,1380,6721,0
309780,20,6648,132,3962,4882,252,1724,93,0,45922,724,19561,8984,415,4408,1572,6628,2122,795,0,7898,91604,714,28,139,158,3815,289,3417,10467,69,46036,5764,1045,12879,1490,10537,4588
10569,0,80,0,8,34,5,10,0,0,1792,0,1171,142,4,65,8,115,13,1,0,344,4786,0,1,0,0,11,7,84,253,0,602,148,1,413,23,449,0
172714,30,3162,15,3049,4322,170,1300,26,0,26902,92,13339,4595,323,2910,1260,4594,1360,107,0,6325,43223,223,32,9,138,2698,115,2266,7891,22,22648,2820,622,8025,1380,6721,0
315500,20,6719,132,3993,5139,255,1738,93,0,46456,728,19959,9013,433,4481,1614,6695,2146,796,0,8168,93765,730,29,139,158,3889,290,3420,10637,69,46779,5791,1045,13128,1505,10679,4870
10703,0,81,0,8,34,5,10,0,0,1802,0,1201,142,4,66,8,116,13,1,0,353,4851,0,1,0,0,12,7,84,257,0,605,150,1,417,23,452,0
175827,30,3205,15,3056,4376,249,1300,26,0,27344,92,13515,4616,326,2941,1262,4607,1365,107,0,6428,43902,223,32,9,138,2734,115,2418,7958,22,23635,2822,622,8173,1381,6783,0
317037,21,6754,132,3993,5152,256,1738,93,0,46531,728,20198,9017,433,4493,1614,6705,2165,796,0,8235,94317,730,30,139,158,3894,290,3426,10796,69,46855,5847,1045,13281,1505,10732,4870
10756,0,83,0,8,34,5,10,0,0,1802,0,1220,142,4,66,8,117,13,1,0,357,4870,0,1,0,0,12,7,84,258,0,606,150,1,420,23,455,0
176530,30,3209,15,3056,4376,249,1300,26,0,27524,92,13523,4622,326,2951,1262,4624,1381,107,0,6438,44052,223,32,9,138,2740,115,2429,8027,22,23813,2830,622,8195,1382,6790,0
332188,22,7231,136,4325,5314,258,1859,98,0,49531,792,20778,9429,450,4615,1688,7158,2298,797,0,8414,98187,794,30,140,168,4198,318,3548,11189,77,49387,6577,1080,13877,1548,11146,4732
11182,0,88,0,8,36,5,10,0,0,1865,0,1245,153,4,67,8,122,13,1,0,371,5056,0,1,0,0,16,8,85,270,0,659,157,1,441,23,470,0
185605,32,3405,21,3258,4640,249,1353,27,0,29243,98,14178,5051,338,2997,1264,4850,1474,124,0,6573,45643,241,37,9,141,2926,124,2451,8350,26,25251,3055,701,8821,1432,7222,0
332266,22,7233,136,4325,5314,258,1859,98,0,49538,792,20785,9431,450,4615,1688,7163,2310,800,0,8414,98199,794,30,140,168,4198,318,3558,11196,77,49390,6579,1080,13881,1548,11148,4732
11182,0,88,0,8,36,5,10,0,0,1865,0,1245,153,4,67,8,122,13,1,0,371,5056,0,1,0,0,16,8,85,270,0,659,157,1,441,23,470,0
185605,32,3405,21,3258,4640,249,1353,27,0,29243,98,14178,5051,338,2997,1264,4850,1474,124,0,6573,45643,241,37,9,141,2926,124,2451,8350,26,25251,3055,701,8821,1432,7222,0
338289,22,7278,136,4347,5525,274,1873,98,0,50109,794,21156,9468,492,4674,1701,7306,2334,800,0,8660,100544,794,30,140,168,4249,318,3581,11408,77,50166,6617,1082,14221,1567,11242,5039
11330,0,89,0,8,36,5,10,0,0,1883,0,1269,153,4,69,8,122,13,1,0,375,5120,0,1,0,0,17,8,86,274,0,666,162,1,452,23,476,0
188736,32,3446,21,3264,4640,291,1353,27,0,29618,98,14447,5084,343,3003,1271,4865,1482,124,0,6683,47051,241,37,9,141,2976,124,2476,8431,26,25651,3078,733,8959,1432,7279,0
339581,23,7334,136,4347,5542,274,1873,98,0,50201,794,21385,9477,492,4701,1701,7315,2345,800,0,8695,100975,794,30,140,168,4253,318,3608,11561,77,50199,6632,1082,14333,1567,11273,5039
11366,0,91,0,8,36,5,10,0,0,1884,0,1282,153,4,69,8,122,13,1,0,375,5138,0,1,0,0,17,8,86,275,0,666,163,1,452,23,476,0
189130,32,3470,21,3264,4640,291,1356,27,0,29731,98,14487,5095,343,3014,1271,4867,1483,124,0,6687,47118,241,37,9,141,2978,124,2480,8501,26,25678,3078,733,8970,1436,7279,0
353141,23,7777,145,4614,5770,279,1920,113,0,53110,840,21948,9867,546,4833,1743,7564,2483,810,0,8870,104696,851,32,141,237,4396,335,3769,11863,77,52909,7504,1098,14924,1625,11686,3744
11678,0,96,0,8,37,5,11,0,0,1942,1,1303,162,4,72,8,127,13,1,0,381,5251,0,1,0,0,19,8,88,282,0,703,170,1,471,24,490,0
200009,32,3598,22,3425,4776,297,1422,27,0,33320,115,15047,5454,355,3163,1334,4978,1571,126,0,6887,49080,241,37,12,141,3121,133,2605,8814,30,27036,3352,756,9576,1457,7669,0
353208,23,7778,145,4614,5772,280,1920,113,0,53110,840,21952,9867,546,4833,1743,7570,2498,810,0,8872,104706,851,32,141,237,4396,335,3777,11867,77,52912,7510,1098,14926,1625,11689,3744
11681,0,96,0,8,38,5,11,0,0,1942,1,1304,162,4,72,8,127,13,1,0,381,5252,0,1,0,0,19,8,88,282,0,703,170,1,471,24,490,0
200009,32,3598,22,3425,4776,297,1422,27,0,33320,115,15047,5454,355,3163,1334,4978,1571,126,0,6887,49080,241,37,12,141,3121,133,2605,8814,30,27036,3352,756,9576,1457,7669,0
359744,23,7840,145,4629,5951,281,1964,113,0,53770,842,22315,9904,562,4873,1763,7708,2540,812,0,9061,107646,852,32,141,237,4482,338,3778,12134,77,53698,7572,1098,15146,1633,11824,3961
11823,0,97,0,8,40,5,11,0,0,1956,1,1333,164,4,72,8,127,14,1,0,382,5315,0,1,0,0,19,8,88,284,0,707,173,1,485,24,496,0
203289,32,3624,22,3425,4834,297,1425,27,0,33650,124,15439,5479,355,3199,1334,5004,1573,126,0,7132,49937,241,37,12,141,3164,133,2633,9009,30,27882,3359,760,9696,1457,7697,0
361411,27,7920,145,4630,5978,281,1964,113,0,53898,842,22532,9910,563,4900,1770,7726,2550,812,0,9161,108424,852,32,141,237,4488,338,3783,12210,77,53752,7599,1098,15207,1634,11857,3961
11863,0,100,0,8,40,5,11,0,0,1958,1,1342,164,4,72,9,127,14,1,0,385,5329,0,1,0,0,19,8,89,285,0,709,174,1,488,24,496,0
203931,32,3645,22,3425,4836,297,1427,27,0,33734,124,15518,5491,357,3199,1338,5018,1581,128,0,7183,49988,241,37,12,141,3165,133,2646,9116,30,27972,3417,761,9729,1458,7703,0
377067,29,8382,155,4833,6135,288,2047,122,0,57845,887,23081,10405,611,5048,1823,8048,2691,897,0,9344,111638,875,33,141,287,4655,357,3945,12605,78,56268,8478,1121,15778,1767,12227,4144
12331,0,108,0,8,42,5,11,0,0,2026,2,1368,173,4,74,9,135,15,1,0,389,5577,0,1,0,0,22,9,93,294,0,748,177,1,507,26,507,0
214393,35,3802,38,3622,5096,297,1467,27,0,36445,177,16122,6073,360,3310,1389,5292,1641,140,0,7303,51913,249,41,19,141,3290,149,2868,9419,30,29199,3636,786,10244,1539,8234,0
377169,29,8383,155,4833,6136,289,2047,122,0,57848,887,23093,10412,612,5048,1823,8055,2719,897,0,9344,111661,875,33,141,287,4655,357,3947,12609,78,56271,8484,1121,15780,1768,12227,4144
12333,0,108,0,8,42,5,11,0,0,2026,2,1368,173,5,74,9,135,15,1,0,389,5577,0,1,0,0,22,9,93,294,0,748,177,1,507,26,508,0
214405,35,3802,38,3622,5096,297,1467,27,0,36445,177,16122,6084,360,3310,1389,5293,1641,140,0,7303,51913,249,41,19,141,3290,149,2868,9419,30,29199,3636,786,10244,1539,8234,0
383832,29,8430,155,4954,6364,295,2089,123,0,58439,888,23489,10476,629,5128,1850,8271,2781,900,0,9545,114269,878,33,141,287,4735,357,3963,12857,79,57030,8536,1137,16062,1859,12354,4423
12475,0,109,0,8,42,5,11,0,0,2049,2,1395,173,5,75,9,136,15,1,0,398,5637,0,1,0,0,22,9,93,301,0,753,178,1,510,26,512,0
216981,35,3850,38,3624,5120,298,1469,27,0,36815,177,16411,6128,362,3364,1394,5304,1644,140,0,7481,52734,249,41,19,141,3351,149,2891,9525,30,29562,3661,786,10326,1541,8294,0
385240,36,8492,155,4954,6417,295,2089,123,0,58577,888,23680,10481,629,5148,1856,8300,2784,900,0,9704,114659,878,33,141,287,4740,357,3978,12927,79,57102,8549,1137,16173,1860,12412,4423
12534,0,111,0,8,42,5,11,0,0,2052,2,1410,173,5,75,9,137,16,1,0,407,5655,0,1,0,0,22,9,93,305,0,755,178,1,511,26,515,0
217465,35,3854,38,3624,5120,299,1469,27,0,36864,177,16418,6144,362,3381,1394,5311,1659,140,0,7488,52851,249,41,19,141,3351,149,2895,9567,30,29676,3700,786,10346,1542,8318,0
402108,42,8989,157,5180,6640,297,2123,136,0,62365,930,24252,10971,660,5334,1882,8697,2936,900,0,9891,118548,927,33,144,304,5022,416,4208,13309,83,59967,9440,1137,16837,1948,12857,4549
12958,0,121,1,8,43,5,11,0,0,2116,2,1435,183,5,76,10,151,16,1,0,416,5863,0,1,0,0,22,9,101,315,0,788,183,1,519,31,526,0
230554,36,4041,38,3820,5199,299,1543,30,0,38988,261,16993,6571,396,3557,1449,5460,1740,266,0,7626,57012,319,41,24,148,3486,160,2947,9965,40,32100,3837,883,10816,1661,8802,0
402172,42,8990,157,5180,6640,297,2123,136,0,62365,930,24256,10973,660,5336,1882,8705,2950,900,0,9892,118558,928,33,144,304,5022,416,4214,13309,83,59973,9444,1137,16840,1948,12859,4549
12959,0,121,1,8,43,5,11,0,0,2116,2,1435,183,5,76,10,151,16,1,0,416,5863,0,1,0,0,22,9,101,315,0,789,183,1,519,31,526,0
230559,36,4041,38,3820,5199,299,1543,30,0,38989,261,16993,6571,396,3557,1449,5461,1741,266,0,7626,57012,319,41,24,148,3486,160,2947,9965,40,32100,3837,883,10818,1661,8802,0
409283,42,9056,158,5226,6820,334,2161,136,0,62873,941,24650,11026,678,5388,1902,8835,3003,903,0,10186,121599,931,33,144,304,5089,431,4229,13595,83,60738,9485,1140,17091,2021,13067,4988
13115,0,121,1,8,43,6,11,0,0,2146,2,1464,183,5,76,11,151,17,1,0,425,5921,0,1,0,0,22,9,102,318,0,797,187,1,525,33,529,0
233844,36,4103,38,3821,5248,299,1543,30,0,39262,261,17236,6586,398,3592,1456,5507,1746,266,0,7767,58208,321,41,24,148,3539,162,2975,10027,40,32933,3861,896,10950,1664,8860,0
411118,46,9117,158,5226,6848,335,2162,136,0,62984,941,24906,11038,678,5428,1910,8861,3010,905,0,10285,122410,931,33,144,304,5095,432,4239,13644,83,60804,9492,1140,17263,2021,13124,4988
13159,0,123,1,8,43,6,11,0,0,2147,2,1470,183,5,77,11,151,17,1,0,432,5943,0,1,0,0,22,9,102,320,0,798,187,1,527,33,529,0
234286,36,4129,38,3821,5249,299,1545,30,0,39274,261,17253,6591,402,3595,1456,5513,1753,266,0,7838,58327,321,41,24,148,3540,162,2977,10047,40,33027,3877,896,10985,1665,8860,0
429323,48,9670,170,5590,7063,338,2199,156,0,66374,985,25483,11491,711,5555,1954,9303,3133,914,0,10432,127252,1017,33,144,312,5305,473,4381,13931,85,64313,10412,1172,17899,2089,13599,5340
13560,0,130,1,8,44,6,11,0,0,2211,2,1488,193,6,79,11,157,17,1,0,440,6135,0,1,0,0,22,9,109,324,0,843,192,1,542,34,544,0
248269,36,4338,42,3896,5623,306,1673,38,0,42602,307,17663,7046,410,3744,1486,6032,1806,350,0,7984,61988,347,42,30,160,3708,173,3070,10276,40,35263,4204,1018,11518,1702,9348,0
429413,48,9672,170,5590,7064,338,2201,156,0,66379,988,25487,11492,711,5560,1954,9313,3142,914,0,10440,127267,1017,33,145,312,5305,473,4383,13937,85,64321,10416,1172,17902,2090,13599,5340
13561,0,130,1,8,44,6,11,0,0,2211,2,1488,193,6,79,11,157,17,1,0,441,6135,0,1,0,0,22,9,109,324,0,843,192,1,542,34,544,0
248272,36,4339,42,3896,5623,306,1673,38,0,42602,307,17663,7046,410,3745,1486,6032,1806,350,0,7984,61989,347,42,30,160,3708,173,3070,10276,40,35263,4204,1018,11518,1702,9348,0
435827,48,9778,170,5746,7227,342,2241,156,0,67014,989,25892,11521,731,5607,1989,9406,3191,915,0,10634,129703,1021,34,145,315,5407,481,4404,14209,85,65126,10482,1176,18131,2122,13748,5644
13711,0,130,1,8,46,6,11,0,0,2226,2,1518,193,6,81,11,159,17,1,0,451,6195,0,1,0,0,22,9,109,328,0,850,195,1,550,35,550,0
251284,36,4390,42,3901,5654,314,1676,38,0,42833,310,17887,7083,414,3745,1486,6083,1818,350,0,8147,63175,347,42,30,160,3807,178,3085,10484,40,35670,4276,1018,11640,1702,9423,0
437434,48,9859,170,5746,7253,350,2241,156,0,67307,989,26122,11530,731,5636,2004,9409,3202,915,0,10779,130143,1021,34,145,315,5410,481,4418,14311,85,65190,10493,1176,18211,2125,13788,5644
13767,0,130,1,8,46,6,11,0,0,2226,2,1536,193,6,81,11,160,17,1,0,455,6214,0,1,0,0,22,9,110,335,0,851,195,1,553,35,552,0
251869,36,4450,42,3909,5665,316,1676,38,0,42841,310,17918,7091,414,3770,1491,6107,1822,350,0,8168,63287,347,42,30,160,3808,178,3097,10600,40,35730,4285,1018,11706,1702,9425,0
455690,62,10464,172,6019,7443,352,2330,171,0,70767,1033,26702,11951,756,5849,2035,9854,3352,920,0,10982,135167,1040,36,147,331,5628,513,4606,14675,87,68835,11478,1212,18961,2159,14330,5274
14148,0,140,1,8,46,6,12,0,0,2289,2,1554,206,6,82,11,170,17,1,0,459,6389,0,1,0,0,22,9,112,336,0,897,202,1,572,36,562,0
262115,38,4658,49,4123,5854,322,1832,50,0,45167,345,18450,7727,434,3883,1533,6353,1887,459,0,8353,65649,386,42,47,162,3939,194,3106,10822,40,37088,4363,1054,12170,1766,9770,0
455755,63,10465,172,6019,7446,352,2333,171,0,70768,1033,26707,11952,756,5852,2035,9858,3371,920,0,10987,135170,1040,36,147,331,5629,513,4608,14677,87,68838,11481,1212,18965,2159,14331,5274
14153,0,140,1,8,46,6,12,0,0,2289,2,1556,206,6,83,11,171,17,1,0,459,6390,0,1,0,0,22,9,112,336,0,897,202,1,572,36,562,0
262122,38,4658,49,4123,5854,322,1832,50,0,45167,345,18450,7727,434,3883,1533,6353,1894,459,0,8353,65649,386,42,47,162,3939,194,3106,10822,40,37088,4363,1054,12170,1766,9770,0
461662,63,10562,172,6153,7677,364,2401,171,0,71180,1033,27068,12044,780,5943,2056,9959,3438,920,0,11152,137261,1043,41,147,332,5708,513,4633,14913,87,69484,11593,1246,19192,2210,14524,5602
14326,0,141,1,8,47,6,12,0,0,2301,2,1583,206,6,84,11,171,18,1,0,464,6487,0,1,0,0,22,9,112,339,0,908,203,1,580,36,567,0
265707,38,4783,49,4123,5921,322,1844,50,0,45350,354,18951,7749,434,3907,1538,6412,1904,459,0,8471,66817,386,42,47,162,4023,194,3111,11042,40,37699,4483,1054,12334,1772,9842,0
463230,63,10642,172,6153,7746,373,2401,171,0,71370,1033,27315,12049,780,5966,2077,9968,3451,920,0,11227,137783,1043,41,147,332,5723,513,4641,14990,87,69536,11595,1246,19305,2210,14562,5602
14384,0,141,1,8,47,6,12,0,0,2301,2,1594,206,6,85,11,172,18,1,0,471,6514,0,1,0,0,22,9,113,348,0,908,203,1,581,36,567,0
266287,38,4787,49,4123,5921,322,1844,50,0,45350,354,19032,7763,437,3934,1542,6423,1917,459,0,8526,66911,386,42,47,162,4025,195,3125,11157,40,37753,4499,1054,12406,1772,9842,0
463394,68,10644,172,6153,7748,374,2401,171,0,71374,1033,27319,12050,780,5972,2077,9977,3490,920,0,11236,137814,1043,41,147,332,5723,513,4646,15000,87,69545,11610,1246,19312,2210,14567,5602
14387,0,141,1,8,47,6,12,0,0,2301,2,1594,206,6,85,11,173,18,1,0,472,6515,0,1,0,0,22,9,113,348,0,908,203,1,581,36,567,0
266313,38,4787,49,4123,5921,322,1844,50,0,45350,354,19032,7763,438,3934,1542,6425,1917,462,0,8526,66929,386,42,47,162,4025,195,3126,11157,40,37754,4499,1054,12406,1772,9842,0
470640,68,10778,172,6254,7816,375,2405,171,0,72166,1034,27695,12126,806,6134,2084,10112,3530,921,0,11473,140004,1048,41,147,337,5799,513,4679,15280,87,70362,11717,1256,19579,2279,14750,6645
14575,0,142,1,8,48,6,12,0,0,2316,2,1617,208,8,87,11,176,18,1,0,480,6620,0,1,0,0,22,9,113,351,0,914,209,1,586,36,573,0
269747,38,4835,49,4148,6039,322,1848,50,0,45660,363,19442,7777,441,3955,1542,6442,1927,462,0,8764,67893,386,42,47,162,4104,195,3126,11443,40,38321,4536,1054,12573,1787,9934,0
472542,68,10860,172,6256,7836,386,2406,171,0,72372,1034,27921,12133,806,6153,2086,10123,3534,923,0,11695,140732,1048,41,147,337,5799,513,4691,15382,87,70483,11723,1256,19646,2282,14798,6645
14644,0,142,1,8,48,6,12,0,0,2316,2,1636,208,8,88,11,176,18,1,0,490,6651,0,1,0,0,22,9,113,353,0,915,209,1,589,36,575,0
270383,42,4858,49,4148,6047,322,1850,50,0,45861,363,19482,7788,441,3967,1544,6456,1931,462,0,8780,67999,386,42,47,162,4105,195,3129,11469,40,38375,4578,1054,12636,1787,9938,0
472685,71,10866,172,6256,7838,386,2407,171,0,72381,1034,27929,12135,806,6166,2086,10140,3540,923,0,11705,140762,1048,41,147,337,5799,513,4691,15386,87,70487,11731,1256,19662,2283,14801,6645
14649,0,142,1,8,48,6,12,0,0,2316,2,1637,208,8,88,11,176,19,1,0,490,6653,0,1,0,0,22,9,113,353,0,915,210,1,589,36,575,0
270392,42,4858,49,4148,6047,322,1850,50,0,45861,363,19482,7788,442,3967,1544,6456,1932,462,0,8780,68005,386,42,47,162,4105,195,3129,11469,40,38375,4578,1054,12636,1788,9938,0
479939,71,10994,173,6353,7987,396,2441,171,0,73405,1035,28296,12258,814,6281,2092,10255,3625,943,0,11897,143360,1059,42,147,346,5866,517,4710,15637,87,71314,11848,1258,19841,2314,15145,6964
14825,0,143,1,8,48,6,12,0,0,2329,2,1659,209,8,89,11,176,20,1,0,498,6738,0,1,0,0,22,9,113,360,0,927,214,1,604,36,581,0
273563,42,4926,49,4164,6179,324,1850,50,0,46092,364,19936,7831,449,3972,1544,6509,1935,462,0,8903,68703,386,42,47,162,4180,195,3157,11722,40,39014,4602,1056,12860,1788,10028,0
481644,71,11067,173,6353,8024,408,2441,171,0,73530,1035,28604,12261,814,6297,2094,10267,3635,943,0,12070,143957,1059,42,147,346,5873,517,4743,15713,87,71418,11855,1258,19922,2315,15173,6964
14896,0,143,1,8,48,6,12,0,0,2331,2,1675,209,8,89,11,177,20,1,0,508,6770,0,1,0,0,22,9,113,363,0,929,214,1,609,36,581,0
274253,42,4955,49,4166,6179,324,1850,50,0,46106,364,20029,7832,449,3988,1544,6518,1945,463,0,8991,68908,386,42,47,162,4181,195,3157,11766,40,39096,4637,1056,12908,1790,10038,0
481754,71,11069,173,6353,8028,408,2441,171,0,73553,1037,28612,12261,814,6302,2094,10269,3655,943,0,12070,143974,1059,42,147,346,5873,517,4743,15718,87,71426,11858,1258,19929,2316,15176,6964
14899,0,143,1,8,48,6,12,0,0,2332,2,1676,209,8,89,11,177,20,1,0,508,6771,0,1,0,0,22,9,113,363,0,929,214,1,609,36,581,0
274258,42,4955,49,4166,6179,324,1850,50,0,46106,364,20030,7832,449,3988,1544,6518,1949,463,0,8991,68908,386,42,47,162,4181,195,3157,11766,40,39096,4637,1056,12908,1790,10038,0
489892,71,11154,173,6530,8202,408,2458,171,0,74658,1037,28984,12478,828,6430,2176,10517,3717,943,0,12262,146656,1063,48,147,353,5936,521,4782,16016,87,72300,12027,1268,20204,2532,15453,7305
15168,0,144,1,8,48,6,13,0,0,2414,2,1696,209,8,90,12,178,21,1,0,521,6887,0,1,0,0,24,9,115,367,0,938,218,1,613,36,588,0
285993,42,5056,49,4188,6338,324,1867,50,0,46457,367,20638,7891,459,4004,1607,6578,1959,463,0,9210,77289,388,42,47,162,4271,201,3160,12195,40,39861,4673,1056,13103,1813,10145,0
491694,71,11225,173,6535,8224,414,2460,171,0,74734,1037,29297,12506,828,6463,2179,10547,3719,943,0,12327,147239,1063,48,147,353,5954,521,4887,16160,87,72461,12049,1269,20281,2534,15486,7305
15243,0,144,1,8,48,6,13,0,0,2417,2,1713,210,8,90,12,179,21,1,0,528,6914,0,1,0,0,24,9,116,370,0,938,221,1,614,36,599,0
286623,43,5090,49,4188,6358,325,1869,50,0,46459,367,20724,7901,462,4028,1607,6591,1973,463,0,9231,77469,388,42,47,162,4273,201,3163,12274,40,39909,4706,1056,13144,1821,10150,0
491881,72,11227,173,6535,8224,419,2461,171,0,74759,1037,29304,12507,828,6474,2179,10552,3751,943,0,12335,147256,1063,48,147,353,5954,521,4890,16180,87,72478,12056,1269,20305,2534,15487,7305
15256,0,144,1,8,48,6,13,0,0,2417,2,1714,210,8,90,12,179,21,1,0,530,6916,0,1,0,0,24,9,118,370,0,938,226,1,614,36,600,0
286672,43,5090,49,4188,6358,325,1869,50,0,46459,367,20726,7907,462,4028,1607,6592,1977,463,0,9231,77483,388,42,47,162,4273,201,3163,12274,40,39911,4719,1056,13150,1822,10150,0
500245,72,11358,174,6694,8430,419,2493,171,0,75922,1038,29716,12709,846,6651,2252,10693,3809,946,0,12581,150196,1064,48,147,364,6050,521,4926,16432,87,73416,12130,1286,20561,2567,15804,7675
15461,0,144,1,8,54,6,13,0,0,2435,2,1741,211,8,90,12,180,22,1,0,539,7015,0,1,0,0,24,9,120,379,0,944,232,1,626,37,607,0
290975,43,5145,49,4226,6460,335,1871,50,0,46688,368,21347,7938,486,4061,1647,6695,1987,463,0,9406,78567,388,42,47,162,4346,201,3181,12769,40,40598,4750,1061,13391,1822,10345,0
500554,72,11379,174,6695,8436,421,2494,171,0,75945,1038,29720,12716,846,6657,2253,10706,3816,946,0,12600,150278,1064,48,147,364,6051,521,4927,16446,87,73473,12150,1286,20569,2567,15819,7675
15467,0,144,1,8,54,6,13,0,0,2435,2,1741,211,8,91,12,180,23,1,0,540,7016,0,1,0,0,24,9,121,379,0,944,232,1,626,37,608,0
290990,43,5145,49,4226,6460,335,1873,50,0,46688,368,21349,7938,486,4061,1647,6697,1991,463,0,9406,78567,388,42,47,162,4346,201,3181,12769,40,40600,4750,1061,13391,1822,10348,0
509343,72,11489,174,6818,8678,425,2545,171,0,77240,1039,30158,12884,864,6762,2294,11005,3877,946,0,12798,152765,1075,48,147,371,6180,534,4957,16660,87,74622,12349,1331,20943,2725,16190,8123
15689,0,146,1,8,56,6,13,0,0,2492,2,1772,211,8,91,12,182,23,1,0,547,7105,0,1,0,0,24,9,122,380,0,957,237,1,630,37,616,0
295918,43,5196,49,4248,6669,335,1885,50,0,47091,370,22038,8015,495,4080,1647,6918,2006,467,0,9804,79815,393,42,47,162,4422,203,3201,13062,40,41357,4766,1062,13583,1822,10535,0
